"country","date","time","cases","newCases","deaths","newDeaths","population","population.1","closeSchool","banEvent","lockdown","socialDistancing","caseBased"
"Austria",2020-02-15,0,0,0,0,0,8847037,8847037,0,0,0,0,0
"Austria",2020-02-16,1,0,0,0,0,8847037,8847037,0,0,0,0,0
"Austria",2020-02-17,2,0,0,0,0,8847037,8847037,0,0,0,0,0
"Austria",2020-02-18,3,0,0,0,0,8847037,8847037,0,0,0,0,0
"Austria",2020-02-19,4,0,0,0,0,8847037,8847037,0,0,0,0,0
"Austria",2020-02-20,5,0,0,0,0,8847037,8847037,0,0,0,0,0
"Austria",2020-02-21,6,0,0,0,0,8847037,8847037,0,0,0,0,0
"Austria",2020-02-22,7,0,0,0,0,8847037,8847037,0,0,0,0,0
"Austria",2020-02-23,8,0,0,0,0,8847037,8847037,0,0,0,0,0
"Austria",2020-02-24,9,0,0,0,0,8847037,8847037,0,0,0,0,0
"Austria",2020-02-25,10,0,0,0,0,8847037,8847037,0,0,0,0,0
"Austria",2020-02-26,11,2,2,0,0,8847037,8847037,0,0,0,0,0
"Austria",2020-02-27,12,2,0,0,0,8847037,8847037,0,0,0,0,0
"Austria",2020-02-28,13,5,3,0,0,8847037,8847037,0,0,0,0,0
"Austria",2020-02-29,14,7,2,0,0,8847037,8847037,0,0,0,0,0
"Austria",2020-03-01,15,10,3,0,0,8847037,8847037,0,0,0,0,0
"Austria",2020-03-02,16,14,4,0,0,8847037,8847037,0,0,0,0,0
"Austria",2020-03-03,17,18,4,0,0,8847037,8847037,0,0,0,0,0
"Austria",2020-03-04,18,24,6,0,0,8847037,8847037,0,0,0,0,0
"Austria",2020-03-05,19,29,5,0,0,8847037,8847037,0,0,0,0,0
"Austria",2020-03-06,20,41,12,0,0,8847037,8847037,0,0,0,0,0
"Austria",2020-03-07,21,74,33,0,0,8847037,8847037,0,0,0,0,0
"Austria",2020-03-08,22,99,25,0,0,8847037,8847037,0,0,0,0,0
"Austria",2020-03-09,23,102,3,0,0,8847037,8847037,0,0,0,0,0
"Austria",2020-03-10,24,131,29,0,0,8847037,8847037,0,0,0,0,0
"Austria",2020-03-11,25,182,51,0,0,8847037,8847037,0,1,0,0,0
"Austria",2020-03-12,26,246,64,0,0,8847037,8847037,0,1,0,0,0
"Austria",2020-03-13,27,361,115,1,1,8847037,8847037,0,1,0,0,0
"Austria",2020-03-14,28,504,143,1,0,8847037,8847037,0,1,0,0,0
"Austria",2020-03-15,29,655,151,1,0,8847037,8847037,1,1,0,0,0
"Austria",2020-03-16,30,860,205,1,0,8847037,8847037,1,1,0,0,0
"Austria",2020-03-17,31,1016,156,3,2,8847037,8847037,1,1,1,1,1
"Austria",2020-03-18,32,1332,316,3,0,8847037,8847037,1,1,1,1,1
"Austria",2020-03-19,33,1646,314,4,1,8847037,8847037,1,1,1,1,1
"Austria",2020-03-20,34,2196,550,6,2,8847037,8847037,1,1,1,1,1
"Austria",2020-03-21,35,2649,453,6,0,8847037,8847037,1,1,1,1,1
"Austria",2020-03-22,36,3024,375,8,2,8847037,8847037,1,1,1,1,1
"Austria",2020-03-23,37,3631,607,16,8,8847037,8847037,1,1,1,1,1
"Austria",2020-03-24,38,4486,855,25,9,8847037,8847037,1,1,1,1,1
"Austria",2020-03-25,39,5282,796,30,5,8847037,8847037,1,1,1,1,1
"Austria",2020-03-26,40,5888,606,34,4,8847037,8847037,1,1,1,1,1
"Austria",2020-03-27,41,7029,1141,52,18,8847037,8847037,1,1,1,1,1
"Austria",2020-03-28,42,7697,668,68,16,8847037,8847037,1,1,1,1,1
"Austria",2020-03-29,43,8291,594,68,0,8847037,8847037,1,1,1,1,1
"Austria",2020-03-30,44,8813,522,86,18,8847037,8847037,1,1,1,1,1
"Austria",2020-03-31,45,9618,805,108,22,8847037,8847037,1,1,1,1,1
"Austria",2020-04-01,46,10182,564,128,20,8847037,8847037,1,1,1,1,1
"Austria",2020-04-02,47,10711,529,146,18,8847037,8847037,1,1,1,1,1
"Austria",2020-04-03,48,11129,418,158,12,8847037,8847037,1,1,1,1,1
"Austria",2020-04-04,49,11525,396,168,10,8847037,8847037,1,1,1,1,1
"Austria",2020-04-05,50,11766,241,186,18,8847037,8847037,1,1,1,1,1
"Austria",2020-04-06,51,11983,217,204,18,8847037,8847037,1,1,1,1,1
"Austria",2020-04-07,52,12297,314,220,16,8847037,8847037,1,1,1,1,1
"Austria",2020-04-08,53,12640,343,243,23,8847037,8847037,1,1,1,1,1
"Austria",2020-04-09,54,12969,329,273,30,8847037,8847037,1,1,1,1,1
"Austria",2020-04-10,55,13248,279,295,22,8847037,8847037,1,1,1,1,1
"Austria",2020-04-11,56,13560,312,319,24,8847037,8847037,1,1,1,1,1
"Austria",2020-04-12,57,13807,247,337,18,8847037,8847037,1,1,1,1,1
"Austria",2020-04-13,58,13937,130,350,13,8847037,8847037,1,1,1,1,1
"Austria",2020-04-14,59,14043,106,368,18,8847037,8847037,1,1,1,1,1
"Austria",2020-04-15,60,14234,191,384,16,8847037,8847037,1,1,1,1,1
"Austria",2020-04-16,61,14370,136,393,9,8847037,8847037,1,1,1,1,1
"Austria",2020-04-17,62,14448,78,410,17,8847037,8847037,1,1,1,1,1
"Austria",2020-04-18,63,14603,155,431,21,8847037,8847037,1,1,1,1,1
"Belgium",2020-02-15,0,1,0,0,0,11422068,11422068,0,0,0,0,0
"Belgium",2020-02-16,1,1,0,0,0,11422068,11422068,0,0,0,0,0
"Belgium",2020-02-17,2,1,0,0,0,11422068,11422068,0,0,0,0,0
"Belgium",2020-02-18,3,1,0,0,0,11422068,11422068,0,0,0,0,0
"Belgium",2020-02-19,4,1,0,0,0,11422068,11422068,0,0,0,0,0
"Belgium",2020-02-20,5,1,0,0,0,11422068,11422068,0,0,0,0,0
"Belgium",2020-02-21,6,1,0,0,0,11422068,11422068,0,0,0,0,0
"Belgium",2020-02-22,7,1,0,0,0,11422068,11422068,0,0,0,0,0
"Belgium",2020-02-23,8,1,0,0,0,11422068,11422068,0,0,0,0,0
"Belgium",2020-02-24,9,1,0,0,0,11422068,11422068,0,0,0,0,0
"Belgium",2020-02-25,10,1,0,0,0,11422068,11422068,0,0,0,0,0
"Belgium",2020-02-26,11,1,0,0,0,11422068,11422068,0,0,0,0,0
"Belgium",2020-02-27,12,1,0,0,0,11422068,11422068,0,0,0,0,0
"Belgium",2020-02-28,13,1,0,0,0,11422068,11422068,0,0,0,0,0
"Belgium",2020-02-29,14,1,0,0,0,11422068,11422068,0,0,0,0,0
"Belgium",2020-03-01,15,1,0,0,0,11422068,11422068,0,0,0,0,0
"Belgium",2020-03-02,16,2,1,0,0,11422068,11422068,0,0,0,0,0
"Belgium",2020-03-03,17,8,6,0,0,11422068,11422068,0,0,0,0,0
"Belgium",2020-03-04,18,13,5,0,0,11422068,11422068,0,0,0,0,0
"Belgium",2020-03-05,19,23,10,0,0,11422068,11422068,0,0,0,0,0
"Belgium",2020-03-06,20,50,27,0,0,11422068,11422068,0,0,0,0,0
"Belgium",2020-03-07,21,109,59,0,0,11422068,11422068,0,0,0,0,0
"Belgium",2020-03-08,22,169,60,0,0,11422068,11422068,0,0,0,0,0
"Belgium",2020-03-09,23,200,31,0,0,11422068,11422068,0,0,0,0,0
"Belgium",2020-03-10,24,239,39,0,0,11422068,11422068,0,0,0,0,0
"Belgium",2020-03-11,25,267,28,0,0,11422068,11422068,0,0,0,0,1
"Belgium",2020-03-12,26,314,47,3,3,11422068,11422068,0,0,0,0,1
"Belgium",2020-03-13,27,399,85,3,0,11422068,11422068,0,1,0,0,1
"Belgium",2020-03-14,28,559,160,3,0,11422068,11422068,0,1,0,0,1
"Belgium",2020-03-15,29,689,130,4,1,11422068,11422068,1,1,0,1,1
"Belgium",2020-03-16,30,886,197,4,0,11422068,11422068,1,1,0,1,1
"Belgium",2020-03-17,31,1085,199,5,1,11422068,11422068,1,1,0,1,1
"Belgium",2020-03-18,32,1243,158,5,0,11422068,11422068,1,1,0,1,1
"Belgium",2020-03-19,33,1486,243,14,9,11422068,11422068,1,1,1,1,1
"Belgium",2020-03-20,34,1795,309,21,7,11422068,11422068,1,1,1,1,1
"Belgium",2020-03-21,35,2257,462,37,16,11422068,11422068,1,1,1,1,1
"Belgium",2020-03-22,36,2815,558,67,30,11422068,11422068,1,1,1,1,1
"Belgium",2020-03-23,37,3401,586,75,8,11422068,11422068,1,1,1,1,1
"Belgium",2020-03-24,38,3743,342,88,13,11422068,11422068,1,1,1,1,1
"Belgium",2020-03-25,39,4269,526,122,34,11422068,11422068,1,1,1,1,1
"Belgium",2020-03-26,40,4937,668,178,56,11422068,11422068,1,1,1,1,1
"Belgium",2020-03-27,41,6235,1298,220,42,11422068,11422068,1,1,1,1,1
"Belgium",2020-03-28,42,7284,1049,289,69,11422068,11422068,1,1,1,1,1
"Belgium",2020-03-29,43,9134,1850,353,64,11422068,11422068,1,1,1,1,1
"Belgium",2020-03-30,44,10836,1702,431,78,11422068,11422068,1,1,1,1,1
"Belgium",2020-03-31,45,11899,1063,513,82,11422068,11422068,1,1,1,1,1
"Belgium",2020-04-01,46,12775,876,705,192,11422068,11422068,1,1,1,1,1
"Belgium",2020-04-02,47,13964,1189,828,123,11422068,11422068,1,1,1,1,1
"Belgium",2020-04-03,48,15348,1384,1011,183,11422068,11422068,1,1,1,1,1
"Belgium",2020-04-04,49,16770,1422,1143,132,11422068,11422068,1,1,1,1,1
"Belgium",2020-04-05,50,18431,1661,1283,140,11422068,11422068,1,1,1,1,1
"Belgium",2020-04-06,51,19691,1260,1447,164,11422068,11422068,1,1,1,1,1
"Belgium",2020-04-07,52,20814,1123,1632,185,11422068,11422068,1,1,1,1,1
"Belgium",2020-04-08,53,22194,1380,2035,403,11422068,11422068,1,1,1,1,1
"Belgium",2020-04-09,54,23403,1209,2240,205,11422068,11422068,1,1,1,1,1
"Belgium",2020-04-10,55,24983,1580,2523,283,11422068,11422068,1,1,1,1,1
"Belgium",2020-04-11,56,26667,1684,3019,496,11422068,11422068,1,1,1,1,1
"Belgium",2020-04-12,57,28018,1351,3346,327,11422068,11422068,1,1,1,1,1
"Belgium",2020-04-13,58,29647,1629,3600,254,11422068,11422068,1,1,1,1,1
"Belgium",2020-04-14,59,30589,942,3903,303,11422068,11422068,1,1,1,1,1
"Belgium",2020-04-15,60,31119,530,4157,254,11422068,11422068,1,1,1,1,1
"Belgium",2020-04-16,61,33573,2454,4440,283,11422068,11422068,1,1,1,1,1
"Belgium",2020-04-17,62,34809,1236,4857,417,11422068,11422068,1,1,1,1,1
"Belgium",2020-04-18,63,36138,1329,5163,306,11422068,11422068,1,1,1,1,1
"Denmark",2020-02-15,0,0,0,0,0,5797446,5797446,0,0,0,0,0
"Denmark",2020-02-16,1,0,0,0,0,5797446,5797446,0,0,0,0,0
"Denmark",2020-02-17,2,0,0,0,0,5797446,5797446,0,0,0,0,0
"Denmark",2020-02-18,3,0,0,0,0,5797446,5797446,0,0,0,0,0
"Denmark",2020-02-19,4,0,0,0,0,5797446,5797446,0,0,0,0,0
"Denmark",2020-02-20,5,0,0,0,0,5797446,5797446,0,0,0,0,0
"Denmark",2020-02-21,6,0,0,0,0,5797446,5797446,0,0,0,0,0
"Denmark",2020-02-22,7,0,0,0,0,5797446,5797446,0,0,0,0,0
"Denmark",2020-02-23,8,0,0,0,0,5797446,5797446,0,0,0,0,0
"Denmark",2020-02-24,9,0,0,0,0,5797446,5797446,0,0,0,0,0
"Denmark",2020-02-25,10,0,0,0,0,5797446,5797446,0,0,0,0,0
"Denmark",2020-02-26,11,0,0,0,0,5797446,5797446,0,0,0,0,0
"Denmark",2020-02-27,12,1,1,0,0,5797446,5797446,0,0,0,0,0
"Denmark",2020-02-28,13,1,0,0,0,5797446,5797446,0,0,0,0,0
"Denmark",2020-02-29,14,2,1,0,0,5797446,5797446,0,0,0,0,0
"Denmark",2020-03-01,15,3,1,0,0,5797446,5797446,0,0,0,0,0
"Denmark",2020-03-02,16,4,1,0,0,5797446,5797446,0,0,0,0,0
"Denmark",2020-03-03,17,5,1,0,0,5797446,5797446,0,0,0,0,0
"Denmark",2020-03-04,18,8,3,0,0,5797446,5797446,0,0,0,0,0
"Denmark",2020-03-05,19,10,2,0,0,5797446,5797446,0,0,0,0,0
"Denmark",2020-03-06,20,20,10,0,0,5797446,5797446,0,0,0,0,0
"Denmark",2020-03-07,21,23,3,0,0,5797446,5797446,0,0,0,0,0
"Denmark",2020-03-08,22,31,8,0,0,5797446,5797446,0,0,0,0,0
"Denmark",2020-03-09,23,38,7,0,0,5797446,5797446,0,0,0,0,0
"Denmark",2020-03-10,24,113,75,0,0,5797446,5797446,0,0,0,0,0
"Denmark",2020-03-11,25,264,151,0,0,5797446,5797446,0,0,0,0,0
"Denmark",2020-03-12,26,516,252,0,0,5797446,5797446,0,0,0,0,0
"Denmark",2020-03-13,27,676,160,0,0,5797446,5797446,0,1,0,0,1
"Denmark",2020-03-14,28,804,128,0,0,5797446,5797446,1,1,0,1,1
"Denmark",2020-03-15,29,827,23,0,0,5797446,5797446,1,1,0,1,1
"Denmark",2020-03-16,30,875,48,1,1,5797446,5797446,1,1,0,1,1
"Denmark",2020-03-17,31,932,57,1,0,5797446,5797446,1,1,0,1,1
"Denmark",2020-03-18,32,1024,92,4,3,5797446,5797446,1,1,0,1,1
"Denmark",2020-03-19,33,1115,91,4,0,5797446,5797446,1,1,1,1,1
"Denmark",2020-03-20,34,1151,36,6,2,5797446,5797446,1,1,1,1,1
"Denmark",2020-03-21,35,1255,104,9,3,5797446,5797446,1,1,1,1,1
"Denmark",2020-03-22,36,1326,71,13,4,5797446,5797446,1,1,1,1,1
"Denmark",2020-03-23,37,1395,69,13,0,5797446,5797446,1,1,1,1,1
"Denmark",2020-03-24,38,1460,65,24,11,5797446,5797446,1,1,1,1,1
"Denmark",2020-03-25,39,1591,131,32,8,5797446,5797446,1,1,1,1,1
"Denmark",2020-03-26,40,1724,133,34,2,5797446,5797446,1,1,1,1,1
"Denmark",2020-03-27,41,1877,153,41,7,5797446,5797446,1,1,1,1,1
"Denmark",2020-03-28,42,2046,169,52,11,5797446,5797446,1,1,1,1,1
"Denmark",2020-03-29,43,2201,155,65,13,5797446,5797446,1,1,1,1,1
"Denmark",2020-03-30,44,2395,194,72,7,5797446,5797446,1,1,1,1,1
"Denmark",2020-03-31,45,2577,182,77,5,5797446,5797446,1,1,1,1,1
"Denmark",2020-04-01,46,2860,283,90,13,5797446,5797446,1,1,1,1,1
"Denmark",2020-04-02,47,3107,247,104,14,5797446,5797446,1,1,1,1,1
"Denmark",2020-04-03,48,3386,279,123,19,5797446,5797446,1,1,1,1,1
"Denmark",2020-04-04,49,3757,371,139,16,5797446,5797446,1,1,1,1,1
"Denmark",2020-04-05,50,4077,320,161,22,5797446,5797446,1,1,1,1,1
"Denmark",2020-04-06,51,4369,292,179,18,5797446,5797446,1,1,1,1,1
"Denmark",2020-04-07,52,4681,312,187,8,5797446,5797446,1,1,1,1,1
"Denmark",2020-04-08,53,5071,390,203,16,5797446,5797446,1,1,1,1,1
"Denmark",2020-04-09,54,5402,331,218,15,5797446,5797446,1,1,1,1,1
"Denmark",2020-04-10,55,5635,233,237,19,5797446,5797446,1,1,1,1,1
"Denmark",2020-04-11,56,5819,184,247,10,5797446,5797446,1,1,1,1,1
"Denmark",2020-04-12,57,5996,177,260,13,5797446,5797446,1,1,1,1,1
"Denmark",2020-04-13,58,6174,178,273,13,5797446,5797446,1,1,1,1,1
"Denmark",2020-04-14,59,6318,144,285,12,5797446,5797446,1,1,1,1,1
"Denmark",2020-04-15,60,6511,193,299,14,5797446,5797446,1,1,1,1,1
"Denmark",2020-04-16,61,6681,170,309,10,5797446,5797446,1,1,1,1,1
"Denmark",2020-04-17,62,6879,198,321,12,5797446,5797446,1,1,1,1,1
"Denmark",2020-04-18,63,7073,194,336,15,5797446,5797446,1,1,1,1,1
"France",2020-02-15,0,11,0,1,1,66987244,66987244,0,0,0,0,0
"France",2020-02-16,1,11,0,1,0,66987244,66987244,0,0,0,0,0
"France",2020-02-17,2,12,1,1,0,66987244,66987244,0,0,0,0,0
"France",2020-02-18,3,12,0,1,0,66987244,66987244,0,0,0,0,0
"France",2020-02-19,4,12,0,1,0,66987244,66987244,0,0,0,0,0
"France",2020-02-20,5,12,0,1,0,66987244,66987244,0,0,0,0,0
"France",2020-02-21,6,12,0,1,0,66987244,66987244,0,0,0,0,0
"France",2020-02-22,7,12,0,1,0,66987244,66987244,0,0,0,0,0
"France",2020-02-23,8,12,0,1,0,66987244,66987244,0,0,0,0,0
"France",2020-02-24,9,12,0,1,0,66987244,66987244,0,0,0,0,0
"France",2020-02-25,10,12,0,1,0,66987244,66987244,0,0,0,0,0
"France",2020-02-26,11,14,2,1,0,66987244,66987244,0,0,0,0,0
"France",2020-02-27,12,17,3,2,1,66987244,66987244,0,0,0,0,0
"France",2020-02-28,13,38,21,2,0,66987244,66987244,0,0,0,0,0
"France",2020-02-29,14,57,19,2,0,66987244,66987244,0,0,0,0,0
"France",2020-03-01,15,100,43,2,0,66987244,66987244,0,0,0,0,0
"France",2020-03-02,16,130,30,2,0,66987244,66987244,0,0,0,0,0
"France",2020-03-03,17,178,48,3,1,66987244,66987244,0,0,0,0,0
"France",2020-03-04,18,212,34,4,1,66987244,66987244,0,0,0,0,0
"France",2020-03-05,19,285,73,4,0,66987244,66987244,0,0,0,0,0
"France",2020-03-06,20,423,138,7,3,66987244,66987244,0,0,0,0,0
"France",2020-03-07,21,613,190,9,2,66987244,66987244,0,0,0,0,0
"France",2020-03-08,22,716,103,10,1,66987244,66987244,0,0,0,0,0
"France",2020-03-09,23,1126,410,19,9,66987244,66987244,0,0,0,0,0
"France",2020-03-10,24,1412,286,30,11,66987244,66987244,0,0,0,0,0
"France",2020-03-11,25,1784,372,33,3,66987244,66987244,0,0,0,0,0
"France",2020-03-12,26,2281,497,48,15,66987244,66987244,0,0,0,0,0
"France",2020-03-13,27,2876,595,61,13,66987244,66987244,0,0,0,0,0
"France",2020-03-14,28,3661,785,79,18,66987244,66987244,0,1,0,0,0
"France",2020-03-15,29,4499,838,91,12,66987244,66987244,1,1,0,0,0
"France",2020-03-16,30,5423,924,127,36,66987244,66987244,1,1,0,0,0
"France",2020-03-17,31,6633,1210,148,21,66987244,66987244,1,1,0,1,1
"France",2020-03-18,32,7730,1097,175,27,66987244,66987244,1,1,1,1,1
"France",2020-03-19,33,9134,1404,244,69,66987244,66987244,1,1,1,1,1
"France",2020-03-20,34,10995,1861,372,128,66987244,66987244,1,1,1,1,1
"France",2020-03-21,35,12612,1617,450,78,66987244,66987244,1,1,1,1,1
"France",2020-03-22,36,14459,1847,562,112,66987244,66987244,1,1,1,1,1
"France",2020-03-23,37,16018,1559,674,112,66987244,66987244,1,1,1,1,1
"France",2020-03-24,38,19856,3838,860,186,66987244,66987244,1,1,1,1,1
"France",2020-03-25,39,22302,2446,1100,240,66987244,66987244,1,1,1,1,1
"France",2020-03-26,40,25233,2931,1331,231,66987244,66987244,1,1,1,1,1
"France",2020-03-27,41,29155,3922,1696,365,66987244,66987244,1,1,1,1,1
"France",2020-03-28,42,32964,3809,1995,299,66987244,66987244,1,1,1,1,1
"France",2020-03-29,43,37575,4611,2314,319,66987244,66987244,1,1,1,1,1
"France",2020-03-30,44,40174,2599,2606,292,66987244,66987244,1,1,1,1,1
"France",2020-03-31,45,44550,4376,3024,418,66987244,66987244,1,1,1,1,1
"France",2020-04-01,46,52128,7578,3523,499,66987244,66987244,1,1,1,1,1
"France",2020-04-02,47,56989,4861,4032,509,66987244,66987244,1,1,1,1,1
"France",2020-04-03,48,59105,2116,4503,471,66987244,66987244,1,1,1,1,1
"France",2020-04-04,49,64338,5233,6507,2004,66987244,66987244,1,1,1,1,1
"France",2020-04-05,50,68605,4267,7560,1053,66987244,66987244,1,1,1,1,1
"France",2020-04-06,51,70478,1873,8078,518,66987244,66987244,1,1,1,1,1
"France",2020-04-07,52,74390,3912,8911,833,66987244,66987244,1,1,1,1,1
"France",2020-04-08,53,78167,3777,10328,1417,66987244,66987244,1,1,1,1,1
"France",2020-04-09,54,82048,3881,10869,541,66987244,66987244,1,1,1,1,1
"France",2020-04-10,55,86334,4286,12210,1341,66987244,66987244,1,1,1,1,1
"France",2020-04-11,56,90676,4342,13197,987,66987244,66987244,1,1,1,1,1
"France",2020-04-12,57,93790,3114,13832,635,66987244,66987244,1,1,1,1,1
"France",2020-04-13,58,95403,1613,14393,561,66987244,66987244,1,1,1,1,1
"France",2020-04-14,59,98076,2673,14967,574,66987244,66987244,1,1,1,1,1
"France",2020-04-15,60,103573,5497,15729,762,66987244,66987244,1,1,1,1,1
"France",2020-04-16,61,106206,2633,17167,1438,66987244,66987244,1,1,1,1,1
"France",2020-04-17,62,108847,2641,17920,753,66987244,66987244,1,1,1,1,1
"France",2020-04-18,63,109252,405,18681,761,66987244,66987244,1,1,1,1,1
"Germany",2020-02-15,0,15,0,0,0,82927922,82927922,0,0,0,0,0
"Germany",2020-02-16,1,15,0,0,0,82927922,82927922,0,0,0,0,0
"Germany",2020-02-17,2,15,0,0,0,82927922,82927922,0,0,0,0,0
"Germany",2020-02-18,3,15,0,0,0,82927922,82927922,0,0,0,0,0
"Germany",2020-02-19,4,15,0,0,0,82927922,82927922,0,0,0,0,0
"Germany",2020-02-20,5,15,0,0,0,82927922,82927922,0,0,0,0,0
"Germany",2020-02-21,6,15,0,0,0,82927922,82927922,0,0,0,0,0
"Germany",2020-02-22,7,15,0,0,0,82927922,82927922,0,0,0,0,0
"Germany",2020-02-23,8,15,0,0,0,82927922,82927922,0,0,0,0,0
"Germany",2020-02-24,9,15,0,0,0,82927922,82927922,0,0,0,0,0
"Germany",2020-02-25,10,15,0,0,0,82927922,82927922,0,0,0,0,0
"Germany",2020-02-26,11,17,2,0,0,82927922,82927922,0,0,0,0,0
"Germany",2020-02-27,12,21,4,0,0,82927922,82927922,0,0,0,0,0
"Germany",2020-02-28,13,47,26,0,0,82927922,82927922,0,0,0,0,0
"Germany",2020-02-29,14,57,10,0,0,82927922,82927922,0,0,0,0,0
"Germany",2020-03-01,15,111,54,0,0,82927922,82927922,0,0,0,0,0
"Germany",2020-03-02,16,129,18,0,0,82927922,82927922,0,0,0,0,0
"Germany",2020-03-03,17,157,28,0,0,82927922,82927922,0,0,0,0,0
"Germany",2020-03-04,18,196,39,0,0,82927922,82927922,0,0,0,0,0
"Germany",2020-03-05,19,262,66,0,0,82927922,82927922,0,0,0,0,0
"Germany",2020-03-06,20,400,138,0,0,82927922,82927922,0,0,0,0,0
"Germany",2020-03-07,21,684,284,0,0,82927922,82927922,0,0,0,0,1
"Germany",2020-03-08,22,847,163,0,0,82927922,82927922,0,0,0,0,1
"Germany",2020-03-09,23,902,55,0,0,82927922,82927922,0,0,0,0,1
"Germany",2020-03-10,24,1139,237,2,2,82927922,82927922,0,0,0,0,1
"Germany",2020-03-11,25,1296,157,2,0,82927922,82927922,0,0,0,0,1
"Germany",2020-03-12,26,1567,271,3,1,82927922,82927922,0,0,0,0,1
"Germany",2020-03-13,27,2369,802,5,2,82927922,82927922,0,0,0,1,1
"Germany",2020-03-14,28,3062,693,5,0,82927922,82927922,0,0,0,1,1
"Germany",2020-03-15,29,3795,733,8,3,82927922,82927922,1,0,0,1,1
"Germany",2020-03-16,30,4838,1043,12,4,82927922,82927922,1,0,0,1,1
"Germany",2020-03-17,31,6012,1174,13,1,82927922,82927922,1,0,0,1,1
"Germany",2020-03-18,32,7156,1144,13,0,82927922,82927922,1,0,0,1,1
"Germany",2020-03-19,33,8198,1042,13,0,82927922,82927922,1,0,0,1,1
"Germany",2020-03-20,34,14138,5940,43,30,82927922,82927922,1,0,0,1,1
"Germany",2020-03-21,35,18187,4049,45,2,82927922,82927922,1,0,0,1,1
"Germany",2020-03-22,36,21463,3276,67,22,82927922,82927922,1,0,0,1,1
"Germany",2020-03-23,37,24774,3311,94,27,82927922,82927922,1,1,1,1,1
"Germany",2020-03-24,38,29212,4438,126,32,82927922,82927922,1,1,1,1,1
"Germany",2020-03-25,39,31554,2342,149,23,82927922,82927922,1,1,1,1,1
"Germany",2020-03-26,40,36508,4954,198,49,82927922,82927922,1,1,1,1,1
"Germany",2020-03-27,41,42288,5780,253,55,82927922,82927922,1,1,1,1,1
"Germany",2020-03-28,42,48582,6294,325,72,82927922,82927922,1,1,1,1,1
"Germany",2020-03-29,43,52547,3965,389,64,82927922,82927922,1,1,1,1,1
"Germany",2020-03-30,44,57298,4751,455,66,82927922,82927922,1,1,1,1,1
"Germany",2020-03-31,45,61913,4615,583,128,82927922,82927922,1,1,1,1,1
"Germany",2020-04-01,46,67366,5453,732,149,82927922,82927922,1,1,1,1,1
"Germany",2020-04-02,47,73522,6156,872,140,82927922,82927922,1,1,1,1,1
"Germany",2020-04-03,48,79696,6174,1017,145,82927922,82927922,1,1,1,1,1
"Germany",2020-04-04,49,85778,6082,1158,141,82927922,82927922,1,1,1,1,1
"Germany",2020-04-05,50,91714,5936,1342,184,82927922,82927922,1,1,1,1,1
"Germany",2020-04-06,51,95391,3677,1434,92,82927922,82927922,1,1,1,1,1
"Germany",2020-04-07,52,99225,3834,1607,173,82927922,82927922,1,1,1,1,1
"Germany",2020-04-08,53,103228,4003,1861,254,82927922,82927922,1,1,1,1,1
"Germany",2020-04-09,54,108202,4974,2107,246,82927922,82927922,1,1,1,1,1
"Germany",2020-04-10,55,113525,5323,2373,266,82927922,82927922,1,1,1,1,1
"Germany",2020-04-11,56,117658,4133,2544,171,82927922,82927922,1,1,1,1,1
"Germany",2020-04-12,57,120479,2821,2673,129,82927922,82927922,1,1,1,1,1
"Germany",2020-04-13,58,123016,2537,2799,126,82927922,82927922,1,1,1,1,1
"Germany",2020-04-14,59,125098,2082,2969,170,82927922,82927922,1,1,1,1,1
"Germany",2020-04-15,60,127584,2486,3254,285,82927922,82927922,1,1,1,1,1
"Germany",2020-04-16,61,130450,2866,3569,315,82927922,82927922,1,1,1,1,1
"Germany",2020-04-17,62,133830,3380,3868,299,82927922,82927922,1,1,1,1,1
"Germany",2020-04-18,63,137439,3609,4110,242,82927922,82927922,1,1,1,1,1
"Italy",2020-02-15,0,3,0,0,0,60431283,60431283,0,0,0,0,0
"Italy",2020-02-16,1,3,0,0,0,60431283,60431283,0,0,0,0,0
"Italy",2020-02-17,2,3,0,0,0,60431283,60431283,0,0,0,0,0
"Italy",2020-02-18,3,3,0,0,0,60431283,60431283,0,0,0,0,0
"Italy",2020-02-19,4,3,0,0,0,60431283,60431283,0,0,0,0,0
"Italy",2020-02-20,5,3,0,0,0,60431283,60431283,0,0,0,0,0
"Italy",2020-02-21,6,3,0,0,0,60431283,60431283,0,0,0,0,0
"Italy",2020-02-22,7,17,14,0,0,60431283,60431283,0,0,0,0,0
"Italy",2020-02-23,8,79,62,2,2,60431283,60431283,0,0,0,0,0
"Italy",2020-02-24,9,132,53,2,0,60431283,60431283,0,0,0,0,0
"Italy",2020-02-25,10,229,97,6,4,60431283,60431283,0,0,0,0,0
"Italy",2020-02-26,11,322,93,11,5,60431283,60431283,0,0,0,0,0
"Italy",2020-02-27,12,400,78,12,1,60431283,60431283,0,0,0,0,0
"Italy",2020-02-28,13,650,250,17,5,60431283,60431283,0,0,0,0,0
"Italy",2020-02-29,14,888,238,21,4,60431283,60431283,0,0,0,0,0
"Italy",2020-03-01,15,1128,240,29,8,60431283,60431283,0,0,0,0,0
"Italy",2020-03-02,16,1689,561,35,6,60431283,60431283,0,0,0,0,0
"Italy",2020-03-03,17,2036,347,52,17,60431283,60431283,0,0,0,0,0
"Italy",2020-03-04,18,2502,466,80,28,60431283,60431283,0,0,0,0,0
"Italy",2020-03-05,19,3089,587,107,27,60431283,60431283,0,0,0,0,0
"Italy",2020-03-06,20,3858,769,148,41,60431283,60431283,1,0,0,0,0
"Italy",2020-03-07,21,4636,778,197,49,60431283,60431283,1,0,0,0,0
"Italy",2020-03-08,22,5883,1247,233,36,60431283,60431283,1,0,0,0,0
"Italy",2020-03-09,23,7375,1492,366,133,60431283,60431283,1,0,0,0,0
"Italy",2020-03-10,24,9172,1797,464,98,60431283,60431283,1,1,0,1,1
"Italy",2020-03-11,25,10149,977,631,167,60431283,60431283,1,1,0,1,1
"Italy",2020-03-12,26,12462,2313,827,196,60431283,60431283,1,1,1,1,1
"Italy",2020-03-13,27,15113,2651,1016,189,60431283,60431283,1,1,1,1,1
"Italy",2020-03-14,28,17660,2547,1268,252,60431283,60431283,1,1,1,1,1
"Italy",2020-03-15,29,21157,3497,1441,173,60431283,60431283,1,1,1,1,1
"Italy",2020-03-16,30,23980,2823,1811,370,60431283,60431283,1,1,1,1,1
"Italy",2020-03-17,31,27980,4000,2158,347,60431283,60431283,1,1,1,1,1
"Italy",2020-03-18,32,31506,3526,2505,347,60431283,60431283,1,1,1,1,1
"Italy",2020-03-19,33,35713,4207,2978,473,60431283,60431283,1,1,1,1,1
"Italy",2020-03-20,34,41035,5322,3407,429,60431283,60431283,1,1,1,1,1
"Italy",2020-03-21,35,47021,5986,4032,625,60431283,60431283,1,1,1,1,1
"Italy",2020-03-22,36,53578,6557,4827,795,60431283,60431283,1,1,1,1,1
"Italy",2020-03-23,37,59138,5560,5476,649,60431283,60431283,1,1,1,1,1
"Italy",2020-03-24,38,63927,4789,6077,601,60431283,60431283,1,1,1,1,1
"Italy",2020-03-25,39,69176,5249,6820,743,60431283,60431283,1,1,1,1,1
"Italy",2020-03-26,40,74386,5210,7505,685,60431283,60431283,1,1,1,1,1
"Italy",2020-03-27,41,80539,6153,8165,660,60431283,60431283,1,1,1,1,1
"Italy",2020-03-28,42,86498,5959,9136,971,60431283,60431283,1,1,1,1,1
"Italy",2020-03-29,43,92472,5974,10023,887,60431283,60431283,1,1,1,1,1
"Italy",2020-03-30,44,97689,5217,10781,758,60431283,60431283,1,1,1,1,1
"Italy",2020-03-31,45,101739,4050,11591,810,60431283,60431283,1,1,1,1,1
"Italy",2020-04-01,46,105792,4053,12430,839,60431283,60431283,1,1,1,1,1
"Italy",2020-04-02,47,110574,4782,13157,727,60431283,60431283,1,1,1,1,1
"Italy",2020-04-03,48,115242,4668,13917,760,60431283,60431283,1,1,1,1,1
"Italy",2020-04-04,49,119827,4585,14681,764,60431283,60431283,1,1,1,1,1
"Italy",2020-04-05,50,124632,4805,15362,681,60431283,60431283,1,1,1,1,1
"Italy",2020-04-06,51,128948,4316,15889,527,60431283,60431283,1,1,1,1,1
"Italy",2020-04-07,52,132547,3599,16525,636,60431283,60431283,1,1,1,1,1
"Italy",2020-04-08,53,135586,3039,17129,604,60431283,60431283,1,1,1,1,1
"Italy",2020-04-09,54,139422,3836,17669,540,60431283,60431283,1,1,1,1,1
"Italy",2020-04-10,55,143626,4204,18281,612,60431283,60431283,1,1,1,1,1
"Italy",2020-04-11,56,147577,3951,18851,570,60431283,60431283,1,1,1,1,1
"Italy",2020-04-12,57,152271,4694,19470,619,60431283,60431283,1,1,1,1,1
"Italy",2020-04-13,58,156363,4092,19901,431,60431283,60431283,1,1,1,1,1
"Italy",2020-04-14,59,159516,3153,20465,564,60431283,60431283,1,1,1,1,1
"Italy",2020-04-15,60,162488,2972,21069,604,60431283,60431283,1,1,1,1,1
"Italy",2020-04-16,61,165155,2667,21647,578,60431283,60431283,1,1,1,1,1
"Italy",2020-04-17,62,168941,3786,22172,525,60431283,60431283,1,1,1,1,1
"Italy",2020-04-18,63,172434,3493,22747,575,60431283,60431283,1,1,1,1,1
"Norway",2020-02-15,0,0,0,0,0,5314336,5314336,0,0,0,0,0
"Norway",2020-02-16,1,0,0,0,0,5314336,5314336,0,0,0,0,0
"Norway",2020-02-17,2,0,0,0,0,5314336,5314336,0,0,0,0,0
"Norway",2020-02-18,3,0,0,0,0,5314336,5314336,0,0,0,0,0
"Norway",2020-02-19,4,0,0,0,0,5314336,5314336,0,0,0,0,0
"Norway",2020-02-20,5,0,0,0,0,5314336,5314336,0,0,0,0,0
"Norway",2020-02-21,6,0,0,0,0,5314336,5314336,0,0,0,0,0
"Norway",2020-02-22,7,0,0,0,0,5314336,5314336,0,0,0,0,0
"Norway",2020-02-23,8,0,0,0,0,5314336,5314336,0,0,0,0,0
"Norway",2020-02-24,9,0,0,0,0,5314336,5314336,0,0,0,0,0
"Norway",2020-02-25,10,0,0,0,0,5314336,5314336,0,0,0,0,0
"Norway",2020-02-26,11,0,0,0,0,5314336,5314336,0,0,0,0,0
"Norway",2020-02-27,12,1,1,0,0,5314336,5314336,0,0,0,0,0
"Norway",2020-02-28,13,4,3,0,0,5314336,5314336,0,0,0,0,0
"Norway",2020-02-29,14,6,2,0,0,5314336,5314336,0,0,0,0,0
"Norway",2020-03-01,15,15,9,0,0,5314336,5314336,0,0,0,0,0
"Norway",2020-03-02,16,19,4,0,0,5314336,5314336,0,0,0,0,0
"Norway",2020-03-03,17,25,6,0,0,5314336,5314336,0,0,0,0,0
"Norway",2020-03-04,18,33,8,0,0,5314336,5314336,0,0,0,0,0
"Norway",2020-03-05,19,56,23,0,0,5314336,5314336,0,0,0,0,0
"Norway",2020-03-06,20,86,30,0,0,5314336,5314336,0,0,0,0,0
"Norway",2020-03-07,21,113,27,0,0,5314336,5314336,0,0,0,0,0
"Norway",2020-03-08,22,147,34,0,0,5314336,5314336,0,0,0,0,0
"Norway",2020-03-09,23,169,22,0,0,5314336,5314336,0,0,0,0,0
"Norway",2020-03-10,24,192,23,0,0,5314336,5314336,0,0,0,0,0
"Norway",2020-03-11,25,277,85,0,0,5314336,5314336,0,0,0,0,0
"Norway",2020-03-12,26,489,212,0,0,5314336,5314336,0,0,0,0,0
"Norway",2020-03-13,27,621,132,1,1,5314336,5314336,0,1,0,0,0
"Norway",2020-03-14,28,621,0,1,0,5314336,5314336,1,1,0,0,0
"Norway",2020-03-15,29,907,286,1,0,5314336,5314336,1,1,0,0,0
"Norway",2020-03-16,30,1077,170,1,0,5314336,5314336,1,1,0,0,1
"Norway",2020-03-17,31,1169,92,3,2,5314336,5314336,1,1,0,1,1
"Norway",2020-03-18,32,1308,139,3,0,5314336,5314336,1,1,0,1,1
"Norway",2020-03-19,33,1423,115,3,0,5314336,5314336,1,1,0,1,1
"Norway",2020-03-20,34,1552,129,6,3,5314336,5314336,1,1,0,1,1
"Norway",2020-03-21,35,1742,190,7,1,5314336,5314336,1,1,0,1,1
"Norway",2020-03-22,36,1926,184,7,0,5314336,5314336,1,1,0,1,1
"Norway",2020-03-23,37,2132,206,7,0,5314336,5314336,1,1,0,1,1
"Norway",2020-03-24,38,2371,239,8,1,5314336,5314336,1,1,0,1,1
"Norway",2020-03-25,39,2566,195,10,2,5314336,5314336,1,1,1,1,1
"Norway",2020-03-26,40,2916,350,12,2,5314336,5314336,1,1,1,1,1
"Norway",2020-03-27,41,3156,240,14,2,5314336,5314336,1,1,1,1,1
"Norway",2020-03-28,42,3581,425,16,2,5314336,5314336,1,1,1,1,1
"Norway",2020-03-29,43,3845,264,20,4,5314336,5314336,1,1,1,1,1
"Norway",2020-03-30,44,4102,257,22,2,5314336,5314336,1,1,1,1,1
"Norway",2020-03-31,45,4226,124,26,4,5314336,5314336,1,1,1,1,1
"Norway",2020-04-01,46,4447,221,28,2,5314336,5314336,1,1,1,1,1
"Norway",2020-04-02,47,4665,218,32,4,5314336,5314336,1,1,1,1,1
"Norway",2020-04-03,48,4935,270,42,10,5314336,5314336,1,1,1,1,1
"Norway",2020-04-04,49,5208,273,44,2,5314336,5314336,1,1,1,1,1
"Norway",2020-04-05,50,5510,302,50,6,5314336,5314336,1,1,1,1,1
"Norway",2020-04-06,51,5640,130,58,8,5314336,5314336,1,1,1,1,1
"Norway",2020-04-07,52,5755,115,59,1,5314336,5314336,1,1,1,1,1
"Norway",2020-04-08,53,5863,108,69,10,5314336,5314336,1,1,1,1,1
"Norway",2020-04-09,54,6010,147,80,11,5314336,5314336,1,1,1,1,1
"Norway",2020-04-10,55,6160,150,88,8,5314336,5314336,1,1,1,1,1
"Norway",2020-04-11,56,6244,84,92,4,5314336,5314336,1,1,1,1,1
"Norway",2020-04-12,57,6320,76,98,6,5314336,5314336,1,1,1,1,1
"Norway",2020-04-13,58,6415,95,103,5,5314336,5314336,1,1,1,1,1
"Norway",2020-04-14,59,6488,73,114,11,5314336,5314336,1,1,1,1,1
"Norway",2020-04-15,60,6566,78,127,13,5314336,5314336,1,1,1,1,1
"Norway",2020-04-16,61,6677,111,130,3,5314336,5314336,1,1,1,1,1
"Norway",2020-04-17,62,6791,114,136,6,5314336,5314336,1,1,1,1,1
"Norway",2020-04-18,63,6791,0,136,0,5314336,5314336,1,1,1,1,1
"Spain",2020-02-15,0,2,0,0,0,46723749,46723749,0,0,0,0,0
"Spain",2020-02-16,1,2,0,0,0,46723749,46723749,0,0,0,0,0
"Spain",2020-02-17,2,2,0,0,0,46723749,46723749,0,0,0,0,0
"Spain",2020-02-18,3,2,0,0,0,46723749,46723749,0,0,0,0,0
"Spain",2020-02-19,4,2,0,0,0,46723749,46723749,0,0,0,0,0
"Spain",2020-02-20,5,2,0,0,0,46723749,46723749,0,0,0,0,0
"Spain",2020-02-21,6,2,0,0,0,46723749,46723749,0,0,0,0,0
"Spain",2020-02-22,7,2,0,0,0,46723749,46723749,0,0,0,0,0
"Spain",2020-02-23,8,2,0,0,0,46723749,46723749,0,0,0,0,0
"Spain",2020-02-24,9,2,0,0,0,46723749,46723749,0,0,0,0,0
"Spain",2020-02-25,10,3,1,0,0,46723749,46723749,0,0,0,0,0
"Spain",2020-02-26,11,7,4,0,0,46723749,46723749,0,0,0,0,0
"Spain",2020-02-27,12,12,5,0,0,46723749,46723749,0,0,0,0,0
"Spain",2020-02-28,13,25,13,0,0,46723749,46723749,0,0,0,0,0
"Spain",2020-02-29,14,34,9,0,0,46723749,46723749,0,0,0,0,0
"Spain",2020-03-01,15,66,32,0,0,46723749,46723749,0,0,0,0,0
"Spain",2020-03-02,16,83,17,0,0,46723749,46723749,0,0,0,0,0
"Spain",2020-03-03,17,114,31,0,0,46723749,46723749,0,0,0,0,0
"Spain",2020-03-04,18,151,37,0,0,46723749,46723749,0,0,0,0,0
"Spain",2020-03-05,19,200,49,1,1,46723749,46723749,0,0,0,0,0
"Spain",2020-03-06,20,261,61,3,2,46723749,46723749,0,0,0,0,0
"Spain",2020-03-07,21,374,113,5,2,46723749,46723749,0,0,0,0,0
"Spain",2020-03-08,22,430,56,5,0,46723749,46723749,0,0,0,0,0
"Spain",2020-03-09,23,589,159,5,0,46723749,46723749,0,0,0,0,0
"Spain",2020-03-10,24,1204,615,28,23,46723749,46723749,0,0,0,1,0
"Spain",2020-03-11,25,1639,435,35,7,46723749,46723749,0,0,0,1,0
"Spain",2020-03-12,26,2140,501,47,12,46723749,46723749,0,0,0,1,0
"Spain",2020-03-13,27,3004,864,84,37,46723749,46723749,0,0,0,1,0
"Spain",2020-03-14,28,4231,1227,121,37,46723749,46723749,1,0,0,1,0
"Spain",2020-03-15,29,5753,1522,136,15,46723749,46723749,1,1,1,1,0
"Spain",2020-03-16,30,7753,2000,288,152,46723749,46723749,1,1,1,1,0
"Spain",2020-03-17,31,9191,1438,309,21,46723749,46723749,1,1,1,1,0
"Spain",2020-03-18,32,11178,1987,491,182,46723749,46723749,1,1,1,1,1
"Spain",2020-03-19,33,13716,2538,598,107,46723749,46723749,1,1,1,1,1
"Spain",2020-03-20,34,17147,3431,767,169,46723749,46723749,1,1,1,1,1
"Spain",2020-03-21,35,19980,2833,1002,235,46723749,46723749,1,1,1,1,1
"Spain",2020-03-22,36,24926,4946,1326,324,46723749,46723749,1,1,1,1,1
"Spain",2020-03-23,37,28572,3646,1720,394,46723749,46723749,1,1,1,1,1
"Spain",2020-03-24,38,33089,4517,2182,462,46723749,46723749,1,1,1,1,1
"Spain",2020-03-25,39,39673,6584,2696,514,46723749,46723749,1,1,1,1,1
"Spain",2020-03-26,40,47610,7937,3434,738,46723749,46723749,1,1,1,1,1
"Spain",2020-03-27,41,56188,8578,4089,655,46723749,46723749,1,1,1,1,1
"Spain",2020-03-28,42,64059,7871,4858,769,46723749,46723749,1,1,1,1,1
"Spain",2020-03-29,43,72248,8189,5690,832,46723749,46723749,1,1,1,1,1
"Spain",2020-03-30,44,78797,6549,6528,838,46723749,46723749,1,1,1,1,1
"Spain",2020-03-31,45,85195,6398,7340,812,46723749,46723749,1,1,1,1,1
"Spain",2020-04-01,46,94417,9222,8189,849,46723749,46723749,1,1,1,1,1
"Spain",2020-04-02,47,102136,7719,9053,864,46723749,46723749,1,1,1,1,1
"Spain",2020-04-03,48,110238,8102,10003,950,46723749,46723749,1,1,1,1,1
"Spain",2020-04-04,49,117710,7472,10935,932,46723749,46723749,1,1,1,1,1
"Spain",2020-04-05,50,124736,7026,11744,809,46723749,46723749,1,1,1,1,1
"Spain",2020-04-06,51,130759,6023,12418,674,46723749,46723749,1,1,1,1,1
"Spain",2020-04-07,52,135032,4273,13055,637,46723749,46723749,1,1,1,1,1
"Spain",2020-04-08,53,140510,5478,13798,743,46723749,46723749,1,1,1,1,1
"Spain",2020-04-09,54,146690,6180,14555,757,46723749,46723749,1,1,1,1,1
"Spain",2020-04-10,55,152446,5756,15238,683,46723749,46723749,1,1,1,1,1
"Spain",2020-04-11,56,157022,4576,15843,605,46723749,46723749,1,1,1,1,1
"Spain",2020-04-12,57,161852,4830,16353,510,46723749,46723749,1,1,1,1,1
"Spain",2020-04-13,58,166019,4167,16972,619,46723749,46723749,1,1,1,1,1
"Spain",2020-04-14,59,169496,3477,17489,517,46723749,46723749,1,1,1,1,1
"Spain",2020-04-15,60,172541,3045,18056,567,46723749,46723749,1,1,1,1,1
"Spain",2020-04-16,61,177633,5092,18579,523,46723749,46723749,1,1,1,1,1
"Spain",2020-04-17,62,182816,5183,19130,551,46723749,46723749,1,1,1,1,1
"Spain",2020-04-18,63,188068,5252,19478,348,46723749,46723749,1,1,1,1,1
"Sweden",2020-02-15,0,1,0,0,0,10183175,10183175,0,0,0,0,0
"Sweden",2020-02-16,1,1,0,0,0,10183175,10183175,0,0,0,0,0
"Sweden",2020-02-17,2,1,0,0,0,10183175,10183175,0,0,0,0,0
"Sweden",2020-02-18,3,1,0,0,0,10183175,10183175,0,0,0,0,0
"Sweden",2020-02-19,4,1,0,0,0,10183175,10183175,0,0,0,0,0
"Sweden",2020-02-20,5,1,0,0,0,10183175,10183175,0,0,0,0,0
"Sweden",2020-02-21,6,1,0,0,0,10183175,10183175,0,0,0,0,0
"Sweden",2020-02-22,7,1,0,0,0,10183175,10183175,0,0,0,0,0
"Sweden",2020-02-23,8,1,0,0,0,10183175,10183175,0,0,0,0,0
"Sweden",2020-02-24,9,1,0,0,0,10183175,10183175,0,0,0,0,0
"Sweden",2020-02-25,10,1,0,0,0,10183175,10183175,0,0,0,0,0
"Sweden",2020-02-26,11,1,0,0,0,10183175,10183175,0,0,0,0,0
"Sweden",2020-02-27,12,2,1,0,0,10183175,10183175,0,0,0,0,0
"Sweden",2020-02-28,13,7,5,0,0,10183175,10183175,0,0,0,0,0
"Sweden",2020-02-29,14,12,5,0,0,10183175,10183175,0,0,0,0,0
"Sweden",2020-03-01,15,13,1,0,0,10183175,10183175,0,0,0,0,0
"Sweden",2020-03-02,16,14,1,0,0,10183175,10183175,0,0,0,0,0
"Sweden",2020-03-03,17,15,1,0,0,10183175,10183175,0,0,0,0,0
"Sweden",2020-03-04,18,24,9,0,0,10183175,10183175,0,0,0,0,0
"Sweden",2020-03-05,19,35,11,0,0,10183175,10183175,0,0,0,0,0
"Sweden",2020-03-06,20,61,26,0,0,10183175,10183175,0,0,0,0,0
"Sweden",2020-03-07,21,137,76,0,0,10183175,10183175,0,0,0,0,0
"Sweden",2020-03-08,22,161,24,0,0,10183175,10183175,0,0,0,0,0
"Sweden",2020-03-09,23,203,42,0,0,10183175,10183175,0,0,0,0,0
"Sweden",2020-03-10,24,248,45,0,0,10183175,10183175,0,0,0,0,0
"Sweden",2020-03-11,25,326,78,0,0,10183175,10183175,0,0,0,0,1
"Sweden",2020-03-12,26,462,136,1,1,10183175,10183175,0,0,0,0,1
"Sweden",2020-03-13,27,620,158,1,0,10183175,10183175,0,1,0,0,1
"Sweden",2020-03-14,28,775,155,1,0,10183175,10183175,0,1,0,0,1
"Sweden",2020-03-15,29,924,149,1,0,10183175,10183175,0,1,0,0,1
"Sweden",2020-03-16,30,1032,108,3,2,10183175,10183175,0,1,0,0,1
"Sweden",2020-03-17,31,1121,89,7,4,10183175,10183175,0,1,0,1,1
"Sweden",2020-03-18,32,1167,46,8,1,10183175,10183175,0,1,0,1,1
"Sweden",2020-03-19,33,1301,134,10,2,10183175,10183175,1,1,0,1,1
"Sweden",2020-03-20,34,1423,122,10,0,10183175,10183175,1,1,0,1,1
"Sweden",2020-03-21,35,1623,200,16,6,10183175,10183175,1,1,0,1,1
"Sweden",2020-03-22,36,1746,123,20,4,10183175,10183175,1,1,0,1,1
"Sweden",2020-03-23,37,1906,160,21,1,10183175,10183175,1,1,0,1,1
"Sweden",2020-03-24,38,2016,110,25,4,10183175,10183175,1,1,0,1,1
"Sweden",2020-03-25,39,2272,256,36,11,10183175,10183175,1,1,0,1,1
"Sweden",2020-03-26,40,2510,238,42,6,10183175,10183175,1,1,0,1,1
"Sweden",2020-03-27,41,2806,296,66,24,10183175,10183175,1,1,0,1,1
"Sweden",2020-03-28,42,3046,240,92,26,10183175,10183175,1,1,0,1,1
"Sweden",2020-03-29,43,3447,401,102,10,10183175,10183175,1,1,0,1,1
"Sweden",2020-03-30,44,3700,253,110,8,10183175,10183175,1,1,0,1,1
"Sweden",2020-03-31,45,4028,328,146,36,10183175,10183175,1,1,0,1,1
"Sweden",2020-04-01,46,4435,407,180,34,10183175,10183175,1,1,0,1,1
"Sweden",2020-04-02,47,4947,512,239,59,10183175,10183175,1,1,0,1,1
"Sweden",2020-04-03,48,5466,519,282,43,10183175,10183175,1,1,0,1,1
"Sweden",2020-04-04,49,6078,612,333,51,10183175,10183175,1,1,0,1,1
"Sweden",2020-04-05,50,6443,365,373,40,10183175,10183175,1,1,0,1,1
"Sweden",2020-04-06,51,6830,387,401,28,10183175,10183175,1,1,0,1,1
"Sweden",2020-04-07,52,7206,376,477,76,10183175,10183175,1,1,0,1,1
"Sweden",2020-04-08,53,7693,487,591,114,10183175,10183175,1,1,0,1,1
"Sweden",2020-04-09,54,8419,726,687,96,10183175,10183175,1,1,0,1,1
"Sweden",2020-04-10,55,9141,722,793,106,10183175,10183175,1,1,0,1,1
"Sweden",2020-04-11,56,9685,544,870,77,10183175,10183175,1,1,0,1,1
"Sweden",2020-04-12,57,10151,466,887,17,10183175,10183175,1,1,0,1,1
"Sweden",2020-04-13,58,10483,332,899,12,10183175,10183175,1,1,0,1,1
"Sweden",2020-04-14,59,10948,465,919,20,10183175,10183175,1,1,0,1,1
"Sweden",2020-04-15,60,11445,497,1033,114,10183175,10183175,1,1,0,1,1
"Sweden",2020-04-16,61,11927,482,1203,170,10183175,10183175,1,1,0,1,1
"Sweden",2020-04-17,62,12540,613,1333,130,10183175,10183175,1,1,0,1,1
"Sweden",2020-04-18,63,13216,676,1400,67,10183175,10183175,1,1,0,1,1
"United_Kingdom",2020-02-15,0,9,0,0,0,66488991,66488991,0,0,0,0,1
"United_Kingdom",2020-02-16,1,9,0,0,0,66488991,66488991,0,0,0,0,1
"United_Kingdom",2020-02-17,2,9,0,0,0,66488991,66488991,0,0,0,0,1
"United_Kingdom",2020-02-18,3,9,0,0,0,66488991,66488991,0,0,0,0,1
"United_Kingdom",2020-02-19,4,9,0,0,0,66488991,66488991,0,0,0,0,1
"United_Kingdom",2020-02-20,5,9,0,0,0,66488991,66488991,0,0,0,0,1
"United_Kingdom",2020-02-21,6,9,0,0,0,66488991,66488991,0,0,0,0,1
"United_Kingdom",2020-02-22,7,9,0,0,0,66488991,66488991,0,0,0,0,1
"United_Kingdom",2020-02-23,8,9,0,0,0,66488991,66488991,0,0,0,0,1
"United_Kingdom",2020-02-24,9,13,4,0,0,66488991,66488991,0,0,0,0,1
"United_Kingdom",2020-02-25,10,13,0,0,0,66488991,66488991,0,0,0,0,1
"United_Kingdom",2020-02-26,11,13,0,0,0,66488991,66488991,0,0,0,0,1
"United_Kingdom",2020-02-27,12,13,0,0,0,66488991,66488991,0,0,0,0,1
"United_Kingdom",2020-02-28,13,16,3,0,0,66488991,66488991,0,0,0,0,1
"United_Kingdom",2020-02-29,14,18,2,0,0,66488991,66488991,0,0,0,0,1
"United_Kingdom",2020-03-01,15,23,5,0,0,66488991,66488991,0,0,0,0,1
"United_Kingdom",2020-03-02,16,36,13,0,0,66488991,66488991,0,0,0,0,1
"United_Kingdom",2020-03-03,17,40,4,0,0,66488991,66488991,0,0,0,0,1
"United_Kingdom",2020-03-04,18,51,11,0,0,66488991,66488991,0,0,0,0,1
"United_Kingdom",2020-03-05,19,85,34,0,0,66488991,66488991,0,0,0,0,1
"United_Kingdom",2020-03-06,20,115,30,1,1,66488991,66488991,0,0,0,0,1
"United_Kingdom",2020-03-07,21,163,48,1,0,66488991,66488991,0,0,0,0,1
"United_Kingdom",2020-03-08,22,206,43,2,1,66488991,66488991,0,0,0,0,1
"United_Kingdom",2020-03-09,23,273,67,3,1,66488991,66488991,0,0,0,0,1
"United_Kingdom",2020-03-10,24,321,48,5,2,66488991,66488991,0,0,0,0,1
"United_Kingdom",2020-03-11,25,373,52,6,1,66488991,66488991,0,0,0,0,1
"United_Kingdom",2020-03-12,26,456,83,6,0,66488991,66488991,0,0,0,0,1
"United_Kingdom",2020-03-13,27,590,134,10,4,66488991,66488991,0,0,0,0,1
"United_Kingdom",2020-03-14,28,707,117,10,0,66488991,66488991,0,0,0,0,1
"United_Kingdom",2020-03-15,29,1140,433,21,11,66488991,66488991,0,0,0,0,1
"United_Kingdom",2020-03-16,30,1391,251,35,14,66488991,66488991,0,0,0,0,1
"United_Kingdom",2020-03-17,31,1543,152,55,20,66488991,66488991,0,0,0,1,1
"United_Kingdom",2020-03-18,32,1950,407,60,5,66488991,66488991,0,0,0,1,1
"United_Kingdom",2020-03-19,33,2630,680,103,43,66488991,66488991,0,0,0,1,1
"United_Kingdom",2020-03-20,34,3277,647,144,41,66488991,66488991,0,0,0,1,1
"United_Kingdom",2020-03-21,35,3983,706,177,33,66488991,66488991,0,0,0,1,1
"United_Kingdom",2020-03-22,36,5018,1035,233,56,66488991,66488991,1,0,0,1,1
"United_Kingdom",2020-03-23,37,5683,665,281,48,66488991,66488991,1,0,0,1,1
"United_Kingdom",2020-03-24,38,6650,967,335,54,66488991,66488991,1,0,0,1,1
"United_Kingdom",2020-03-25,39,8077,1427,422,87,66488991,66488991,1,1,1,1,1
"United_Kingdom",2020-03-26,40,9529,1452,463,41,66488991,66488991,1,1,1,1,1
"United_Kingdom",2020-03-27,41,11658,2129,578,115,66488991,66488991,1,1,1,1,1
"United_Kingdom",2020-03-28,42,14543,2885,759,181,66488991,66488991,1,1,1,1,1
"United_Kingdom",2020-03-29,43,17089,2546,1019,260,66488991,66488991,1,1,1,1,1
"United_Kingdom",2020-03-30,44,19522,2433,1228,209,66488991,66488991,1,1,1,1,1
"United_Kingdom",2020-03-31,45,22141,2619,1408,180,66488991,66488991,1,1,1,1,1
"United_Kingdom",2020-04-01,46,25150,3009,1789,381,66488991,66488991,1,1,1,1,1
"United_Kingdom",2020-04-02,47,29474,4324,2532,743,66488991,66488991,1,1,1,1,1
"United_Kingdom",2020-04-03,48,33718,4244,2921,389,66488991,66488991,1,1,1,1,1
"United_Kingdom",2020-04-04,49,38168,4450,3605,684,66488991,66488991,1,1,1,1,1
"United_Kingdom",2020-04-05,50,41903,3735,4313,708,66488991,66488991,1,1,1,1,1
"United_Kingdom",2020-04-06,51,47806,5903,4934,621,66488991,66488991,1,1,1,1,1
"United_Kingdom",2020-04-07,52,51608,3802,5373,439,66488991,66488991,1,1,1,1,1
"United_Kingdom",2020-04-08,53,55242,3634,6159,786,66488991,66488991,1,1,1,1,1
"United_Kingdom",2020-04-09,54,60733,5491,7097,938,66488991,66488991,1,1,1,1,1
"United_Kingdom",2020-04-10,55,65077,4344,7978,881,66488991,66488991,1,1,1,1,1
"United_Kingdom",2020-04-11,56,70272,5195,8958,980,66488991,66488991,1,1,1,1,1
"United_Kingdom",2020-04-12,57,78991,8719,9875,917,66488991,66488991,1,1,1,1,1
"United_Kingdom",2020-04-13,58,84279,5288,10612,737,66488991,66488991,1,1,1,1,1
"United_Kingdom",2020-04-14,59,88621,4342,11329,717,66488991,66488991,1,1,1,1,1
"United_Kingdom",2020-04-15,60,93873,5252,12107,778,66488991,66488991,1,1,1,1,1
"United_Kingdom",2020-04-16,61,98476,4603,12868,761,66488991,66488991,1,1,1,1,1
"United_Kingdom",2020-04-17,62,103093,4617,13729,861,66488991,66488991,1,1,1,1,1
"United_Kingdom",2020-04-18,63,108692,5599,14576,847,66488991,66488991,1,1,1,1,1
