"","Country","PopulationTotal","Pop_0_4","Pop_5_9","Pop_10_14","Pop_15_19","Pop_20_24","Pop_25_29","Pop_30_34","Pop_35_39","Pop_40_44","Pop_45_49","Pop_50_254","Pop_55_59","Pop_60_64","Pop_65_69","Pop_70_74","Pop_75_79","Pop_80_up"
"1","Afghanistan",37172386,5754493,5535955,5165545,4535272,3756183,2944229,2381621,1969917,1570314,1240156,987131,771744,584238,433365,294113,156451,105836
"2","Albania",2866376,175278,163056,177357,218330,245479,249607,207882,159910,162216,180622,197104,205303,176171,132957,105498,83274,80040
"3","Algeria",42228429,5001330,4418389,3441517,2864531,3267757,3745137,3749285,3411865,2811946,2302642,1971335,1630910,1331950,1021047,657302,494804,542253
"4","American_Samoa",55465,NA,NA,NA,NA,NA,NA,NA,NA,NA,NA,NA,NA,NA,NA,NA,NA,NA
"5","Andorra",77006,NA,NA,NA,NA,NA,NA,NA,NA,NA,NA,NA,NA,NA,NA,NA,NA,NA
"6","Angola",30809762,5494816,4789386,3986556,3226438,2668482,2258882,1881709,1517093,1232198,964147,742636,624596,421037,281152,197656,113078,83033
"7","Antigua_and_Barbuda",96286,7149,6776,6611,7059,7306,6956,6801,6749,6692,6721,6402,5404,4055,3004,2189,1389,1577
"8","Arab_World",419790588,52778287,48137557,41741325,38071670,37468659,37677788,35890824,31751088,26688269,21783902,17836824,14280623,10979217,7983173,5245874,3450023,3219149
"9","Argentina",44494502,3669923,3587528,3498588,3438587,3432410,3396514,3161995,3062381,2889121,2438506,2195008,2021604,1795681,1556044,1232737,883691,1133078
"10","Armenia",2951776,199750,200251,177227,159904,187380,239762,247462,206130,166881,149824,167894,196800,168264,107949,63624,51370,86759
"11","Aruba",105845,5429,5845,6678,7008,7302,6289,5016,5829,6703,7373,8235,8402,6828,5268,3645,2333,2304
"12","Australia",24992369,1626916,1612867,1537796,1490400,1627648,1799513,1856502,1735369,1625335,1641604,1557530,1524611,1360003,1202275,995935,691722,1006565
"13","Austria",8847037,424615,406917,413402,444476,517890,588272,598943,578648,554103,641218,709275,649510,523092,426386,410774,357128,455631
"14","Azerbaijan",9942334,869927,793557,654983,651996,786187,929700,909907,756139,632291,618073,653408,617102,431752,248739,126325,104354,134877
"15","Bahamas__The",385640,25268,27937,31137,31779,32532,30094,26412,26587,27586,27279,24452,21378,15092,10240,7281,5079,4512
"16","Bahrain",1569439,147879,140751,124222,108768,145269,257999,288462,220962,163851,126993,97631,74714,49135,21835,12927,9029,7525
"17","Bangladesh",161356039,14690898,14971566,15585537,15867970,15281373,14484941,13673659,12461106,10721435,9186425,7990539,6077752,3914534,2743409,2382865,1671832,1627467
"18","Barbados",286641,14621,15784,17727,18448,18263,17955,17856,18384,18809,19579,19427,19555,16989,13642,10424,7516,12071
"19","Belarus",9485386,531646,525491,441811,400697,470669,674892,741570,653059,611384,578876,615581,690917,607782,445631,261615,242198,335928
"20","Belgium",11422068,626333,657771,641765,621433,662743,716584,729938,737709,740148,765886,795155,779201,694167,610719,497801,366425,642749
"21","Belize",383071,39171,37910,38475,39598,37969,34463,30087,25507,22012,19686,16340,12989,9316,6562,4466,3077,3967
"22","Benin",11485048,1838060,1617241,1410422,1222389,1052302,884758,733089,608392,503149,414834,338125,265248,201648,148341,105780,68668,50041
"23","Bermuda",63968,NA,NA,NA,NA,NA,NA,NA,NA,NA,NA,NA,NA,NA,NA,NA,NA,NA
"24","Bhutan",754394,66782,67690,72155,76228,81280,83228,75626,61542,48539,39375,32686,25744,20854,15780,13095,9343,9672
"25","Bolivia",11353142,1196706,1181788,1164344,1125475,1044839,947075,841031,738188,638180,542603,456840,383442,321484,267807,213582,153666,185272
"26","Bosnia_and_Herzegovina",3323929,138782,173052,169504,183902,211083,195560,231253,234600,218599,224139,244356,260861,236071,196363,124740,103605,110280
"27","Botswana",2254126,263144,250568,229734,207877,192991,187229,177655,163055,130381,95144,71127,62080,53674,38928,25904,15860,10749
"28","Brazil",209469333,14420528,14389482,15164313,16463561,16913515,16743977,17109485,16634646,14695040,13227127,12358969,10815048,8713533,6719176,4704161,3199644,3720282
"29","British_Virgin_Islands",29802,NA,NA,NA,NA,NA,NA,NA,NA,NA,NA,NA,NA,NA,NA,NA,NA,NA
"30","Brunei_Darussalam",428962,35404,34147,33139,36076,36216,37175,40335,39089,35886,32246,27068,21344,15906,9844,5317,3237,3381
"31","Bulgaria",7024216,303490,350874,343441,290826,319060,423189,470601,483992,527688,496444,460674,463706,463388,456581,387658,261624,322322
"32","Burkina_Faso",19751535,3338366,2958265,2564685,2156264,1796585,1490501,1246399,1034782,819637,642792,510866,390217,290144,205249,139386,81317,48363
"33","Burundi",11175378,1967114,1696640,1378958,1126270,1012316,953721,800744,575707,378650,277964,251999,226586,185646,115520,61172,39719,32334
"34","Cabo_Verde",543767,53566,52513,50967,49102,49590,53414,50346,41719,32732,27483,24748,20410,13961,8776,4429,5033,6945
"35","Cambodia",16249798,1733316,1691792,1528771,1441890,1567466,1412486,1406463,1282312,582943,802557,700362,575232,413387,319936,193013,118066,90466
"36","Cameroon",25216237,4002733,3597510,3149093,2683691,2309109,2046504,1757486,1420265,1105958,866210,674566,518085,395201,294342,197907,118068,77750
"37","Canada",37058856,1938691,1973777,1924202,2017586,2433806,2624858,2559323,2538783,2377625,2344898,2549202,2739886,2413655,2038573,1618081,1092039,1583676
"38","Caribbean_small_states",7358965,568361,565401,568995,595222,611593,583139,549922,510663,456103,446335,419478,378574,294158,220481,163899,112589,134240
"39","Cayman_Islands",64174,NA,NA,NA,NA,NA,NA,NA,NA,NA,NA,NA,NA,NA,NA,NA,NA,NA
"40","Central_African_Republic",4666377,721186,686705,641261,558903,442302,333981,265864,215694,178718,151654,123516,98964,76402,54092,36485,23594,16320
"41","Central_Europe_and_the_Baltics",102511922,4824335,5183433,5039803,4721027,5432671,6585170,7199773,7542808,7729236,7015278,6351063,6448109,6945876,6125889,4429778,3150951,4505905
"42","Chad",15477751,2810011,2409470,2062297,1734328,1426681,1151214,913984,720766,563397,433964,338747,277688,225701,165327,104028,65489,48377
"43","Channel_Islands",170499,8662,8488,8480,9287,10225,10997,11551,11526,11905,13486,13229,11627,10077,8827,6980,5345,8001
"44","Chile",18729160,1185959,1245107,1216587,1262382,1439654,1538880,1440296,1329235,1272122,1221627,1181264,1078644,920949,729534,521417,374688,498485
"45","China",1392730000,85943172,86170910,83145212,83730912,89761308,112720540,121874466,94282653,105183838,125829875,116669209,89534853,78196727,67134029,38799701,24981412,25556695
"46","Colombia",49648685,3662784,3658902,3932652,4231468,4325453,4184973,3827559,3550939,3189682,2915257,2798865,2410524,1916283,1509601,1044119,712851,857504
"47","Comoros",832322,122617,111168,98179,86760,77464,69609,61152,50236,39904,32568,26808,21604,16325,10857,6735,4416,3266
"48","Congo__Dem._Rep.",84068091,15155662,12883453,10696388,8745078,7199537,6011630,4983144,4117857,3383300,2778612,2254817,1787170,1375495,1033344,736564,442225,319474
"49","Congo__Rep.",5244363,803818,742134,641432,533198,444521,380005,345506,318627,278547,224587,172069,124681,87934,61481,40277,23596,15070
"50","Costa_Rica",4999441,353807,356710,355395,375915,411569,430098,420247,377210,327255,300535,308003,283789,220584,165224,125476,83525,103114
"51","Cote_d'Ivoire",25069229,4011367,3485152,3118385,2812418,2417667,2003995,1645375,1364384,1114873,875558,705827,577102,454947,322686,204735,123528,72334
"52","Croatia",4089400,179071,200024,193757,201185,229770,232686,256950,274964,268010,258009,277990,286762,278503,247119,180673,153310,219096
"53","Cuba",11338138,604499,611087,610648,669338,707312,771913,797238,627614,729782,997208,1014880,838328,573324,544633,430107,332344,402407
"54","Curacao",159849,8755,9392,9803,9738,8881,8555,8198,8186,8807,10221,11020,11279,9603,8194,6401,4322,5401
"55","Cyprus",1189265,65518,67182,67066,76053,94584,102952,97372,90654,83491,76930,73965,69303,61625,52677,42550,30891,37140
"56","Czech_Republic",10625695,534095,563940,532497,449993,509389,659495,708710,811691,916251,783241,656131,642751,660103,679218,560583,358021,427751
"57","Denmark",5797446,294106,317186,337799,346238,386431,386274,331408,329306,369367,399105,420147,376141,330250,338514,332585,210337,260458
"58","Djibouti",958920,107094,98295,93184,95688,93447,91741,87737,76763,65793,52157,42250,34674,24677,18028,13709,8029,6157
"59","Dominica",71625,NA,NA,NA,NA,NA,NA,NA,NA,NA,NA,NA,NA,NA,NA,NA,NA,NA
"60","Dominican_Republic",10627165,1008759,990494,973465,961594,948928,898261,799981,717635,650814,588296,523062,450144,361492,267303,185733,130885,168662
"61","Early-demographic_dividend",3249140605,322942383,319490639,313640147,304909426,294488693,280743376,263920498,238634826,207160033,180766589,155716567,130367745,103824910,76188198,51043399,33815153,31787721
"62","East_Asia_&_Pacific",2328220870,156905209,156809599,152576508,154194653,161357186,182396305,190057650,162391016,170248019,188604403,172711161,138735139,119154656,99277252,63516058,42593513,48543138
"63","East_Asia_&_Pacific_(excluding_high_income)",2081651801,146461653,145794106,141449595,142062759,147682585,168174286,174812912,145616169,152195979,169944568,155480989,122235457,103751309,84480868,50469670,32838047,33579810
"64","East_Asia_&_Pacific_(IDA_&_IBRD_countries)",2056064424,144756225,144174175,139725861,140176087,145742050,166271172,173021334,143989817,150474773,167713883,153626313,120768829,102564480,83843099,49699272,32306180,33186351
"65","Ecuador",17084357,1654338,1584568,1552351,1564264,1529271,1423477,1310671,1176676,1057583,947231,817137,684086,569192,435050,301691,223956,262851
"66","Egypt__Arab_Rep.",98423595,13107296,11300955,9203396,8650772,8376444,8230164,7915805,6806459,5645778,4674428,4087231,3500798,2759090,2104479,1510216,806816,786817
"67","El_Salvador",6420744,544508,544449,553157,586358,603723,520716,422258,376921,350651,311761,274700,236713,198995,162449,124587,98013,110900
"68","Equatorial_Guinea",1308974,214037,182128,149462,132060,140180,149523,139571,104396,69113,50501,38315,26679,21857,15950,9872,6272,4198
"69","Eritrea",NA,NA,NA,NA,NA,NA,NA,NA,NA,NA,NA,NA,NA,NA,NA,NA,NA,NA
"70","Estonia",1320884,64310,72578,67830,55285,62469,87897,94102,85002,87147,84264,77182,84806,81677,69748,52365,49601,69107
"71","Eswatini",1136191,139384,144043,139970,123650,111667,94914,80017,71312,53873,39412,26992,21446,19120,16376,12806,8397,6705
"72","Ethiopia",109224559,16345951,14689437,13528266,12610766,11047277,8807702,6993533,5780152,4613189,3812792,2946519,2339349,1929937,1492005,1110687,675396,547719
"73","Euro_area",341783171,16062430,17026581,17329954,17372212,18013259,19254873,20822432,21948199,22981437,24512448,25407803,23924710,20897088,18700570,16080668,13057953,20847512
"74","Europe_&_Central_Asia",918793590,54201760,54691633,51433933,49276700,52933179,60673975,65059135,63094826,61407527,59987037,59758822,58788828,52499388,44485803,34071773,26582162,39438204
"75","Europe_&_Central_Asia_(excluding_high_income)",417797257,29573593,28771783,25681648,23771335,25585221,30808518,33171252,30016319,27614273,24969045,23984187,24728293,22018059,17009160,10710403,8476482,11302254
"76","Europe_&_Central_Asia_(IDA_&_IBRD_countries)",459865205,31555062,30905432,27713375,25707658,27926281,33600511,36357707,33367605,30630939,27591086,26441317,27488904,24973472,19507642,12418017,9605185,13155375
"77","European_Union",513213363,24985069,26454464,26348602,25984124,27798928,30506651,32630062,33858202,34919305,36051470,36554877,34691021,31491712,28421035,23998333,18586042,28841601
"78","Faroe_Islands",48497,NA,NA,NA,NA,NA,NA,NA,NA,NA,NA,NA,NA,NA,NA,NA,NA,NA
"79","Fiji",883483,91920,90265,82160,74238,73145,71015,68977,66954,55207,48909,48588,43678,31887,21452,14423,7836,5192
"80","Finland",5518050,274617,305387,298523,291233,323819,349095,343459,351365,324786,319472,359395,364233,353679,367529,318134,199789,293993
"81","Fragile_and_conflict_affected_situations",515215936,75643623,68724601,61512468,54156896,46971215,40288316,34391466,29165370,24237143,19880330,16166623,12793474,10057657,7425465,4828470,3043410,2352340
"82","France",66987244,3733488,3955889,3978006,3852381,3698077,3760451,3991458,3971965,4074461,4418391,4354612,4194753,3929741,3827618,3110434,2054198,3958843
"83","French_Polynesia",277679,19568,21610,22867,21982,20980,20811,23052,20122,19938,20785,18599,15567,12203,9028,5726,4554,4034
"84","Gabon",2119275,316359,265335,217737,188950,185003,194574,184271,151304,120944,96344,71473,50805,38523,29537,21579,14495,11518
"85","Gambia__The",2280102,389800,331653,279942,242184,216720,186014,145508,113024,89640,72291,61009,44514,30893,24413,18064,10224,5871
"86","Georgia",3731000,249455,246837,211327,196971,223464,252817,258524,243039,233953,223225,233639,247327,215218,174663,119350,99113,131107
"87","Germany",82927922,3810751,3606087,3736262,4118662,4453987,4866097,5327867,5128689,4847983,5641606,6856751,6461218,5439971,4456126,3819928,3837563,5423116
"88","Ghana",29767108,4158888,3793026,3389073,3079822,2789875,2482081,2181836,1838012,1570053,1358597,1133965,872602,593613,399705,279690,149099,98534
"89","Gibraltar",33718,NA,NA,NA,NA,NA,NA,NA,NA,NA,NA,NA,NA,NA,NA,NA,NA,NA
"90","Greece",10727668,427673,512183,543317,530008,532807,552336,661155,771880,791801,806560,772027,702844,649860,581863,509725,419664,765391
"91","Greenland",56025,NA,NA,NA,NA,NA,NA,NA,NA,NA,NA,NA,NA,NA,NA,NA,NA,NA
"92","Grenada",111454,9125,9170,8168,7934,9358,9758,9434,8109,6387,6269,6162,6382,5253,3552,2702,2044,2519
"93","Guam",165768,13764,13480,13714,14159,13873,12885,11192,9936,10047,10523,10439,9455,7466,6160,4332,2675,3345
"94","Guatemala",17247807,2019006,1919718,1913688,1884583,1716551,1495813,1268562,1085284,861263,669899,530447,434827,369978,289396,198112,149563,179175
"95","Guinea",12414318,1949230,1738031,1566315,1389156,1175270,936507,725682,562646,440854,358357,304318,257235,211086,153317,94853,61078,38226
"96","Guinea-Bissau",1874309,291355,260141,224056,192328,170452,150907,128641,103691,79135,61239,46726,38312,32070,24245,13979,8295,4920
"97","Guyana",779004,75941,72052,72633,79024,78745,60281,45846,50031,46146,45845,41778,35415,27802,19561,12871,8076,9949
"98","Haiti",11123176,1253078,1220546,1177150,1115575,1035782,954327,886830,758076,559262,452431,405911,341554,274916,206721,141564,103506,90858
"99","Heavily_indebted_poor_countries_(HIPC)",780234406,124250675,111060981,98195029,85146426,72336817,60298609,50019878,41304501,33376054,26917162,21501914,17033794,13171935,9736643,6695594,4062228,3065130
"100","High_income",1210312147,64518801,67400022,67110412,67710978,73987307,80037643,82563114,83245761,83315499,83826541,82818479,79891827,72092958,64156320,53135952,39248888,59325562
"101","Honduras",9587522,1001812,1002618,1035800,1042967,976673,849143,749575,650205,537789,434586,350937,276237,220492,163679,109903,77049,98596
"102","Hong_Kong_SAR__China",7451000,300710,273402,251538,276266,389695,464300,507194,533065,518864,520672,558063,598411,513305,394993,263485,166792,334232
"103","Hungary",9768785,430853,446795,466621,469210,541909,609667,584425,685293,792249,702302,578667,560780,661407,602593,429228,334593,396956
"104","IBRD_only",4772284113,382045911,382691080,375192491,369615624,372976340,394597147,396097356,347375020,329683466,325435043,294489894,246451111,208431810,164541727,102982372,69254928,74116232
"105","Iceland",353574,22151,24511,23722,22393,24853,26237,24418,24212,22576,22052,22173,22564,20526,17090,13292,8881,13257
"106","IDA_&_IBRD_total",6412522234,616281661,595749214,567734425,542149987,525712969,527495075,510653634,444184803,409043507,390904044,348541589,289757267,240776272,187733443,119205948,79466046,82108080
"107","IDA_blend",555830605,80742637,72794555,64742769,57606262,51562171,46046488,40262552,33792433,27813000,22680983,18785027,15378457,11541150,8110665,5549208,3480626,2590721
"108","IDA_only",1084407516,152627721,139557077,127219197,114491129,100922052,86846572,74455126,63185655,51821275,43167768,35659558,28281379,21144483,15373404,10847026,6859427,5581862
"109","IDA_total",1640238121,233353548,212347912,191978320,172120637,152495640,132885263,114705525,96974260,79629024,65848897,54443117,43652551,32679769,23483885,16399893,10343114,8179056
"110","India",1352617328,120935739,127034008,132259126,130158409,125758857,120546948,114148915,102899077,89777357,79079304,68791929,58930562,48602135,36083201,22874786,14920082,13284785
"111","Indonesia",267663435,24520611,23814701,23229740,23461452,22256852,20543991,20681823,21097255,19332006,17660611,15212540,12471398,9486259,6402102,4272564,2817918,2308007
"112","Iran__Islamic_Rep.",81800269,7523600,6740704,5978697,5496620,6014313,7648618,8773112,7755111,5934192,4988665,4337723,3513537,2898716,2001107,1301687,882276,929176
"113","Iraq",38433600,5467218,5024747,4433032,4076257,3692582,3243614,2786675,2378907,2048962,1685214,1252601,817626,686491,556261,311651,238425,187870
"114","Ireland",4853506,328651,363301,338442,296752,275237,274681,331925,390793,384537,343376,300303,274362,242881,223881,177609,120198,145273
"115","Isle_of_Man",84077,NA,NA,NA,NA,NA,NA,NA,NA,NA,NA,NA,NA,NA,NA,NA,NA,NA
"116","Israel",8883800,891089,831989,743429,681750,631129,592686,590039,582434,557563,490248,420053,385861,375545,362646,262536,162829,269004
"117","Italy",60431283,2371342,2688052,2786120,2780723,2887379,3103835,3315537,3689732,4335160,4788616,4731066,4295328,3662548,3452639,3111206,2552482,4215642
"118","Jamaica",2934855,234709,228228,229480,251460,265162,249057,226257,198049,176973,178747,165196,142070,113145,84506,65924,46315,59630
"119","Japan",126529100,4913549,5345674,5451478,5652983,5881793,6173947,6929121,7706828,8956635,9451888,8055396,7472796,7603419,8774791,8491686,6399266,10334249
"120","Jordan",9956011,1128416,1190429,1132077,1020802,927327,845378,769206,687987,590568,511679,401998,288937,194739,141143,109767,76379,60705
"121","Kazakhstan",18276499,1903443,1799471,1350430,1018765,1201394,1558525,1520174,1219348,1125804,1020641,994522,975990,735659,510759,270017,254407,264655
"122","Kenya",51393010,6949501,6913813,6454584,5689646,4853006,4190202,3835016,3187738,2518709,1934147,1449174,1090859,808387,557826,323679,174058,137840
"123","Kiribati",115847,14388,14169,11946,10319,10743,9507,8606,7047,5631,5076,5301,4007,2658,1915,1308,730,529
"124","Korea__Dem._Peopleâ€™s_Rep.",25549819,1707340,1624267,1721961,1879458,1934292,1908139,1804617,1632232,1726201,2224244,1855729,1466040,1187843,650067,759124,520938,388369
"125","Korea__Rep.",51635256,2081961,2298644,2329026,2781269,3448351,3442435,3484835,3924648,4121019,4409747,4344347,4147205,3448372,2416863,1892241,1488825,1661304
"126","Kosovo",1845300,NA,NA,NA,NA,NA,NA,NA,NA,NA,NA,NA,NA,NA,NA,NA,NA,NA
"127","Kuwait",4137309,379353,393848,337496,269645,260873,326623,511511,623610,583116,490858,341823,213850,142264,64051,32807,18792,11642
"128","Kyrgyz_Republic",6315800,781211,698079,543175,491964,534119,580527,526463,400663,343334,312483,295140,268331,193789,121175,61481,37738,59827
"129","Lao_PDR",7061507,791200,775864,744850,708175,700434,656419,560769,466800,396221,334156,272765,223139,171355,121270,77934,49560,40343
"130","Late-demographic_dividend",2288665963,148658586,147811897,142851404,143553474,154135685,183772590,194718078,163052636,167887009,183339214,170634090,140780191,121932301,99922169,60824991,40940121,46457705
"131","Latin_America_&_Caribbean",641357515,51391006,51421552,52153945,53331394,53414571,51907420,49414153,46331377,41911969,37922910,34460463,29799346,24171039,18862195,13492629,9448992,11332248
"132","Latin_America_&_Caribbean_(excluding_high_income)",609013934,49320886,49218684,49959527,51116153,51041383,49443655,47067030,44103653,39755593,35862886,32488857,27978616,22616310,17610394,12542416,8763220,10400258
"133","Latin_America_&_the_Caribbean_(IDA_&_IBRD_countries)",625569713,50617747,50557442,51254718,52394661,52456592,50887717,48371375,45440820,40905566,36643732,33164349,28689214,23353562,18108033,12878661,8987055,10754015
"134","Latvia",1926542,99573,93601,92826,74336,83735,124981,129029,114105,119000,120464,121210,132322,119196,96238,77692,75095,98618
"135","Least_developed_countries:_UN_classification",1009662578,144369692,131757399,119866822,107256606,93797900,80202225,68394329,58068713,47609355,39625595,32600671,25799285,19250028,14080145,10048292,6334318,5068745
"136","Lebanon",6848925,619139,595246,582996,604194,613485,579702,522417,490789,448951,414845,386063,311559,237134,183130,116405,81012,102157
"137","Lesotho",2108132,248727,218234,213006,213484,201155,189126,170467,142433,108152,83696,71935,63887,52161,39190,27633,17561,17058
"138","Liberia",4818977,723893,664624,602334,522933,430975,361145,324176,280734,230165,185515,148187,117995,91044,64413,43552,30276,19348
"139","Libya",6678567,648725,658687,603112,554246,549580,573885,593105,583634,547373,449736,326278,212494,149996,109769,77466,58115,51317
"140","Liechtenstein",37910,NA,NA,NA,NA,NA,NA,NA,NA,NA,NA,NA,NA,NA,NA,NA,NA,NA
"141","Lithuania",2789533,138393,132947,115338,123386,154382,183362,165540,148078,166918,180697,193878,207398,169393,135424,108078,104287,150477
"142","Low_&_middle_income",6383958209,615438243,594567411,566717590,541358506,524395677,525596162,508286167,441354387,406799252,389922281,347420234,287826883,238276249,185370258,117918781,78630752,80216242
"143","Low_income",705417321,108989962,97672758,86854148,76063309,65404778,54723423,45329087,37277069,30399375,25357141,20456531,16326020,12734639,9217571,6671231,4118303,3032059
"144","Lower_middle_income",3022905169,318153275,310907140,301023441,287691530,273412143,257956922,240529239,216227397,187222192,163381338,141361170,119340995,94731414,68621917,44980480,29714056,27460704
"145","Luxembourg",607728,33391,31963,32023,35415,40017,44208,47509,47357,45827,48191,47109,40474,32775,26322,20699,15372,24678
"146","Macao_SAR__China",631636,33855,28301,20897,24192,39083,55890,64443,51562,42350,46601,47103,49160,39619,28315,15222,7527,12524
"147","Madagascar",26262368,3924738,3523914,3205586,2889294,2506491,2058579,1708928,1455502,1228240,994112,795577,632672,491336,340073,201943,129147,111121
"148","Malawi",18143315,2796374,2666907,2392651,2012938,1703702,1436964,1169478,907971,737405,570017,435561,333517,253277,191938,141966,82864,55229
"149","Malaysia",31528585,2679623,2516779,2583766,2828154,2958009,2996263,2968434,2546843,2034125,1876689,1658134,1443115,1168368,879760,592170,346397,348299
"150","Maldives",515696,48753,49333,39530,39642,69553,94523,84299,59233,42131,33564,26218,20806,14267,7939,6209,5697,5349
"151","Mali",19077690,3464196,3038841,2577678,2069216,1649170,1339814,1113152,945163,775327,601545,442475,334288,270369,205412,136110,86187,51260
"152","Malta",483530,23852,23237,22112,23995,29718,34709,36306,35317,33368,29454,28596,32774,32651,31661,27834,16979,22191
"153","Marshall_Islands",58413,NA,NA,NA,NA,NA,NA,NA,NA,NA,NA,NA,NA,NA,NA,NA,NA,NA
"154","Mauritania",4403319,670998,589229,510948,448860,398358,357911,317194,266506,217001,173910,138814,108955,81372,57056,39061,24185,18578
"155","Mauritius",1265303,64957,71688,85981,93816,96877,97399,84417,91734,93675,81035,88416,86233,71170,58057,38039,21904,25299
"156","Mexico",126190788,10906390,10943660,10963267,10921254,10736754,10279353,9303341,8702884,8224790,7524341,6421489,5349175,4263076,3193809,2229392,1562477,1916189
"157","Micronesia__Fed._Sts.",112640,12263,12090,11961,11955,11946,10185,7852,6678,5940,5502,5152,4650,3786,2460,1176,502,446
"158","Middle_East_&_North_Africa",448912859,51451932,46971879,40605905,37338106,38292659,41293076,41566952,36989191,30559757,25056839,20795903,16772530,13166797,9544195,6271258,4169963,4182120
"159","Middle_East_&_North_Africa_(excluding_high_income)",382896715,44587008,40479841,35000182,32264022,32304576,33458123,32932391,28922865,23530211,19659883,16930334,13950394,11208766,8196733,5412458,3607292,3541997
"160","Middle_East_&_North_Africa_(IDA_&_IBRD_countries)",378327628,43930265,39867392,34466731,31777639,31832697,33045159,32611259,28660618,23311106,19480471,16782253,13840383,11133595,8138813,5369854,3581474,3522270
"161","Middle_income",5678540888,505619381,496237352,479355269,464942526,458809056,470905193,463139888,404277566,376670740,364903436,327308010,271800072,225809461,176378832,111377092,74610363,77323431
"162","Moldova",3545883,176974,188140,175931,177685,229667,316188,342590,279715,240716,207527,216433,242960,220256,162088,78674,68861,77121
"163","Monaco",38682,NA,NA,NA,NA,NA,NA,NA,NA,NA,NA,NA,NA,NA,NA,NA,NA,NA
"164","Mongolia",3170208,375314,328667,247482,212413,241174,290401,291695,236666,213107,187969,161453,130477,83481,51626,33011,23167,19655
"165","Montenegro",622345,35884,37591,38649,39131,41552,42100,43230,44424,41439,38997,39157,41660,39563,33548,21209,16206,21050
"166","Morocco",36029138,3405774,3286193,3033822,2914065,2934911,2971463,2813147,2594277,2221938,2003320,1879786,1739774,1434619,978623,618817,489921,417680
"167","Mozambique",29495962,4802845,4243071,3753291,3208913,2621490,2155746,1791311,1469974,1152829,898336,708886,559475,437331,340352,238418,143797,99654
"168","Myanmar",53708395,4361469,4480982,4829880,4878909,4527448,4199801,3958603,3785485,3565773,3236372,2791988,2300923,1870872,1319327,766955,488307,403316
"169","Namibia",2448255,322205,297185,257025,236531,235980,214078,179582,145122,119869,95932,75675,61718,45618,32011,22840,16213,14593
"170","Nauru",12704,NA,NA,NA,NA,NA,NA,NA,NA,NA,NA,NA,NA,NA,NA,NA,NA,NA
"171","Nepal",28087871,2495474,2557363,2777317,2996723,2775532,2110359,1649120,1471856,1361465,1227958,1069585,872638,711564,568342,418701,284147,191965
"172","Netherlands",17231017,877816,909415,976474,1024411,1041503,1087085,1059773,1004503,1054388,1218260,1296283,1223747,1089163,1021654,879565,584962,805874
"173","New_Caledonia",284060,20780,22326,21925,22678,22488,20113,21352,20605,20775,20758,18107,15844,11992,9755,7634,4757,4094
"174","New_Zealand",4885500,304891,324002,315876,309834,338956,343970,313227,284964,293007,320311,320277,312692,270402,238156,199004,134843,179230
"175","Nicaragua",6465513,655257,649395,621333,593385,584646,570927,533420,473601,386427,311305,254709,221029,184094,124010,76248,63293,70271
"176","Niger",22442948,4523731,3719798,3025121,2424187,1910438,1488819,1156481,933736,790804,645447,542296,455674,344024,260697,175441,96263,52777
"177","Nigeria",195874740,33349602,28964304,24740523,20790874,17207289,14596085,12703123,10911413,8968922,7118412,5654479,4544690,3468206,2495988,1650112,872907,438586
"178","North_America",364290258,21258631,22355268,22818967,23072244,24875548,25923045,24698760,23280996,22248242,22393014,23544123,24289592,22315497,18894612,14568709,9866754,14129456
"179","North_Macedonia",2082958,115869,113261,115134,124468,139344,158646,164451,161682,150786,145798,144337,136651,128974,106699,72901,53286,52067
"180","Northern_Mariana_Islands",56882,NA,NA,NA,NA,NA,NA,NA,NA,NA,NA,NA,NA,NA,NA,NA,NA,NA
"181","Norway",5314336,302333,319722,319279,326044,354766,370310,368730,351263,357125,384974,365415,328351,301144,281466,247889,159485,226566
"182","Not_classified",NA,NA,NA,NA,NA,NA,NA,NA,NA,NA,NA,NA,NA,NA,NA,NA,NA,NA
"183","OECD_members",1303529456,74088771,77212408,77457204,78057532,82456067,85780961,86363169,86390240,86448125,87261617,85748264,82096535,73867240,65505975,54192315,39970038,59479228
"184","Oman",4829483,640398,520468,402814,336598,537135,908017,947538,658240,453198,315786,213373,158597,109618,66160,42610,33712,29295
"185","Other_small_states",30758989,3554775,3279328,2974399,2770800,2895480,3135213,2930331,2422152,1959571,1604469,1322266,1110332,884277,666585,472500,327004,351070
"186","Pacific_island_small_states",2457367,302857,282634,252103,223166,206296,185198,166928,154803,134062,116160,104718,88297,65335,45317,30929,18342,14054
"187","Pakistan",212215030,28079597,25419136,23518287,22218829,20932027,18977232,16265476,13456344,11168385,9387747,8062543,6618898,4893176,3493427,2697677,1801403,1429693
"188","Palau",17907,NA,NA,NA,NA,NA,NA,NA,NA,NA,NA,NA,NA,NA,NA,NA,NA,NA
"189","Panama",4176873,389884,379325,363246,352929,340139,322130,309506,294778,280992,256978,222439,185668,147551,113032,84684,61123,80370
"190","Papua_New_Guinea",8606316,1105837,1049234,990485,913650,809795,697315,631351,573241,492619,409040,333692,268201,207175,143216,83487,45889,30634
"191","Paraguay",6956071,704272,696087,682102,681889,687015,643830,584200,487271,378924,315626,289509,252371,215657,170342,117890,81265,85847
"192","Peru",31989256,2738543,2750240,2706477,2560589,2691466,2694432,2523078,2341145,2121529,1894758,1649367,1386932,1145652,906795,649831,478262,534076
"193","Philippines",106651922,11091009,11318015,10780626,10417108,10023931,9123819,7892125,7043500,6323337,5597446,4901875,4032187,3161671,2266938,1476547,906602,846238
"194","Poland",37978548,1792618,1926101,1832499,1730606,2108932,2555864,2927058,3078670,2750132,2364085,2178041,2475003,2683146,2258755,1533416,977807,1643136
"195","Portugal",10281762,393591,438457,482168,509621,513095,512837,563177,666842,757524,750841,704221,685522,623523,582705,511912,411460,616592
"196","Post-demographic_dividend",1109997273,56342196,59529833,59631577,60241398,65258924,69906233,71888362,72215484,73414958,76071217,76760825,74802581,67591049,60728084,50670982,37914574,56845782
"197","Pre-demographic_dividend",919485393,151100959,134381758,117011752,99473106,83399335,70040912,58981448,48988287,39837506,31743264,25045305,19610443,15005845,10968253,7276297,4260398,2830330
"198","Puerto_Rico",3195153,111067,187101,215382,194394,178512,180861,185086,198102,208583,212517,212437,203730,186626,164262,148413,105493,146016
"199","Qatar",2781677,271422,264881,224793,210770,367688,609040,649235,507235,372227,285121,196310,117277,62187,32462,15669,6519,7759
"200","Romania",19473936,904975,1011173,1032092,976241,1013586,1213352,1314414,1272379,1519352,1512826,1313825,1081599,1325647,1153696,801085,612058,892277
"201","Russian_Federation",144478050,8790815,8256188,7113979,6170963,6674369,9793129,11781039,10552339,9549300,8468087,8492928,9935042,9059388,6965946,4118437,3290843,4884372
"202","Rwanda",12301939,1770665,1608877,1455163,1266303,1101928,994298,926634,738521,537013,405680,360637,341152,228965,160115,95803,54509,43823
"203","Samoa",196130,28830,26076,22864,19185,16962,14074,11679,11049,10475,10057,8978,7318,5626,3803,2619,1864,1510
"204","San_Marino",33785,NA,NA,NA,NA,NA,NA,NA,NA,NA,NA,NA,NA,NA,NA,NA,NA,NA
"205","Sao_Tome_and_Principe",211028,31441,30344,28008,23043,17480,15036,13988,12391,9883,7516,6891,5087,3897,2445,1577,1066,1090
"206","Saudi_Arabia",33699947,3532972,3408722,2972614,2653127,2922610,3492602,3785919,3988560,3804854,2824991,1922478,1326853,852612,563779,319603,223693,195449
"207","Senegal",15854360,2493875,2248576,1915784,1623546,1406771,1204943,1026007,847026,664203,529993,420406,331412,261493,196132,133052,87018,59099
"208","Serbia",6982084,328506,356769,389395,403194,422713,463209,476469,470505,485087,464707,440504,430867,457915,457179,315748,204333,274992
"209","Seychelles",96762,8224,8055,7208,6486,6889,7387,7429,7654,7714,7493,6853,5992,4401,2566,1710,1587,1718
"210","Sierra_Leone",7650154,1131663,1048897,952973,830637,718295,619148,524024,432913,348322,279824,220761,170325,127492,94359,66085,39000,26880
"211","Singapore",5638676,242206,235789,247479,314737,424757,437834,449714,476863,493855,495141,483707,487633,433004,305424,152489,93665,128483
"212","Sint_Maarten_(Dutch_part)",40654,NA,NA,NA,NA,NA,NA,NA,NA,NA,NA,NA,NA,NA,NA,NA,NA,NA
"213","Slovak_Republic",5447011,274264,279139,266543,259868,310055,377116,411558,439285,432925,367686,341476,361341,355579,301230,208513,143810,170825
"214","Slovenia",2067372,103176,108038,97868,90317,98624,116999,139826,153506,153162,146443,151114,148383,146699,126252,90826,76651,109347
"215","Small_states",40575321,4411088,4116235,3788493,3586596,3712298,3900016,3644531,3088650,2553233,2174012,1854694,1585159,1249209,935764,670031,459540,501358
"216","Solomon_Islands",652858,102399,88369,76330,68294,58670,48529,42087,39756,36370,28910,21144,16765,12365,9073,6921,4369,3545
"217","Somalia",15008154,2666042,2297816,2007954,1721550,1408948,1052386,794133,629455,545536,471262,383312,309970,249726,187162,123307,70065,49506
"218","South_Africa",57779622,5716725,5683262,5174592,4766587,4934443,5253123,5173216,4375649,3544763,3035822,2526563,2087477,1683379,1240352,827924,544222,409368
"219","South_Asia",1814388744,173783210,177351101,181134862,177554377,170190533,160651603,149648811,133869048,116123741,101467657,88205198,74460305,59711915,44159417,29335637,19195203,16986700
"220","South_Asia_(IDA_&_IBRD)",1814388744,173783210,177351101,181134862,177554377,170190533,160651603,149648811,133869048,116123741,101467657,88205198,74460305,59711915,44159417,29335637,19195203,16986700
"221","South_Sudan",10975920,1703951,1536457,1353699,1184320,1037841,872302,709875,572536,479772,394888,321897,253757,190852,143846,111723,68200,49598
"222","Spain",46723749,1992104,2371834,2371860,2165805,2237555,2375194,2784119,3547743,3990156,3761653,3503827,3221648,2688132,2302426,2099540,1642390,2829875
"223","Sri_Lanka",21670000,1661068,1692520,1693226,1594251,1468897,1395503,1390135,1498792,1449327,1308365,1275275,1187297,1032101,851379,640184,344811,334451
"224","St._Kitts_and_Nevis",52441,NA,NA,NA,NA,NA,NA,NA,NA,NA,NA,NA,NA,NA,NA,NA,NA,NA
"225","St._Lucia",181889,10898,10707,11610,14098,16467,15820,13866,13557,12544,12494,11956,10098,7479,5667,4476,3257,4168
"226","St._Martin_(French_part)",37264,NA,NA,NA,NA,NA,NA,NA,NA,NA,NA,NA,NA,NA,NA,NA,NA,NA
"227","St._Vincent_and_the_Grenadines",110210,8108,8353,8776,9511,9161,8226,8079,7894,7488,7016,7094,6583,4926,3625,2514,1860,2741
"228","Sub-Saharan_Africa",1078306520,171171616,152764201,133735175,115057431,98065117,83420061,70921774,58971496,47771036,38370387,30525075,24283663,18673565,13645647,9235030,5465252,3789407
"229","Sub-Saharan_Africa_(excluding_high_income)",1078209758,171163185,152755979,133727827,115050831,98058167,83412657,70914353,58963888,47763406,38363001,30518338,24277780,18669241,13643119,9233346,5463703,3787746
"230","Sub-Saharan_Africa_(IDA_&_IBRD_countries)",1078306520,171171616,152764201,133735175,115057431,98065117,83420061,70921774,58971496,47771036,38370387,30525075,24283663,18673565,13645647,9235030,5465252,3789407
"231","Sudan",41801533,6152363,5626921,5138196,4576349,3916734,3214608,2646296,2278917,1913090,1611077,1330224,1046242,815414,611772,418596,256832,208261
"232","Suriname",575991,53061,52605,51689,50573,48963,46321,42436,38281,36559,36708,33396,29309,19303,14514,10674,7173,7680
"233","Sweden",10183175,604397,609212,578662,525295,615954,745557,669958,620487,634733,687443,677815,612492,563459,568895,558510,394042,527306
"234","Switzerland",8516543,440221,417015,402184,426067,489671,554417,597020,591536,560541,623988,674239,603615,492022,435340,400541,300570,434803
"235","Syrian_Arab_Republic",16906283,1799159,1809613,1722850,1601265,1582831,1516341,1503681,1286033,983559,768449,655720,548383,426834,305013,187933,136140,135296
"236","Tajikistan",9100837,1340031,1133593,901377,820975,847560,827653,736664,551193,449033,401283,366049,310190,213512,119805,66919,42715,48034
"237","Tanzania",56318348,9307532,8296543,7206282,5950693,4976295,4343990,3664606,3049658,2487460,1963435,1522066,1162526,866515,629077,434190,244808,155212
"238","Thailand",69428524,3603574,3864504,4110004,4453586,4765269,4560487,4407300,4878489,5361449,5556094,5361176,4780295,3932217,2851221,2018062,1450081,1713031
"239","Timor-Leste",1267972,170997,154944,158262,149129,127466,108398,83064,59736,48846,54568,46291,37787,26841,20232,17542,10344,7259
"240","Togo",7889094,1182553,1087296,973733,831308,694994,605003,543650,468034,383148,301428,233203,180247,137135,100313,66561,37009,21187
"241","Tonga",103197,12320,12293,11944,11056,9083,6996,6221,5960,5207,5037,4609,3542,2808,2197,1585,1164,1203
"242","Trinidad_and_Tobago",1389858,91004,96416,93119,86220,88091,104367,122759,117359,94675,85733,86967,89000,70444,55326,40133,26624,25184
"243","Tunisia",11565204,1027168,938971,805675,784870,850057,909626,952104,940620,782572,710233,694417,611821,503371,363619,221743,170068,197153
"244","Turkey",82319724,6659484,6706276,6660426,6717628,6530659,6268005,6320038,6181727,5715717,5092652,4446617,3845182,3183507,2464565,1777605,1271513,1362177
"245","Turkmenistan",5850908,685902,598480,492348,462600,487340,548133,485292,403755,352219,301782,272617,237001,179983,110837,55419,37829,50348
"246","Turks_and_Caicos_Islands",37665,NA,NA,NA,NA,NA,NA,NA,NA,NA,NA,NA,NA,NA,NA,NA,NA,NA
"247","Tuvalu",11508,NA,NA,NA,NA,NA,NA,NA,NA,NA,NA,NA,NA,NA,NA,NA,NA,NA
"248","Uganda",42723139,7423259,6609300,5713856,4789780,3933648,3208528,2563993,2024014,1583105,1235262,952976,698247,510049,362676,233321,131452,86540
"249","Ukraine",44622516,2118284,2375479,2092011,1849794,2203417,2939122,3487154,3333608,3053667,2773553,2758011,2948998,2734925,2247924,1480903,1286394,1648139
"250","United_Arab_Emirates",9630959,816350,804553,670191,638167,1051609,1842253,2230162,1806698,1284395,907876,593426,389880,175650,66863,44358,20801,17473
"251","United_Kingdom",66488991,3889991,4012021,3707885,3628091,4066863,4431443,4544763,4346523,4150832,4334099,4588653,4265105,3612954,3404379,3135540,2224347,3300728
"252","United_States",327167434,19319374,20380743,20893768,21053808,22441479,23298203,22139634,20742687,19870914,20048275,20995309,21550321,19902099,16856220,12950844,8774895,12546222
"253","Upper_middle_income",2655635719,188182814,186020421,179003047,177829623,185814274,213046001,222508799,188048551,189239717,201050417,185438997,152063089,130671866,107350979,66161367,44724221,49598135
"254","Uruguay",3449299,231421,226246,230011,242248,249941,245516,223677,219005,225727,204369,189586,186926,165607,138647,115289,89946,146369
"255","Uzbekistan",32955400,3448011,3212768,2767639,2605082,3004765,3226066,2903325,2391825,2016539,1745706,1579780,1443950,1067596,628714,301127,246923,275047
"256","Vanuatu",292680,40887,39443,34952,28147,25712,24836,21422,17320,15235,12663,10906,8320,6198,4405,2889,1877,1628
"257","Venezuela__RB",28870195,2512652,2729087,2647685,2456413,2235754,2218133,2154244,1995826,1838173,1676307,1550938,1343230,1077165,783867,548181,353399,383496
"258","Vietnam",95540395,7816220,7453138,6829628,6468997,7556674,8774231,8226913,7481939,6853165,6320185,5682703,5013205,3945045,2517615,1443256,1107252,1866008
"259","Virgin_Islands_(U.S.)",106977,6178,6980,6967,6598,6501,5624,4603,5163,5671,6447,7096,7336,7031,6467,5900,3856,3342
"260","West_Bank_and_Gaza",4569087,657553,613293,534207,487049,472432,413025,320630,261679,218680,179028,147715,109640,74794,57655,42441,25702,19574
"261","World",7594270356,679324709,661420784,633344569,608650622,598068583,605373556,590654379,524574877,490173416,473856424,430439254,368033553,310715807,249910344,171469448,118222603,140248212
"262","Yemen__Rep.",28498687,4115126,3818143,3443078,3117814,2932319,2693886,2150766,1648205,1226566,913516,738399,619179,476350,351125,240351,134721,100486
"263","Zambia",17351822,2841213,2586961,2293582,1962804,1606476,1328105,1109621,921496,732431,535624,391313,296951,214086,151822,103119,61589,43462
"264","Zimbabwe",14439018,2098012,2023559,1725949,1488308,1266103,1069560,944734,811186,644519,450279,345842,273859,216670,157512,105633,78610,58098
