"","Country","PopulationTotal","MPop_0_4","MPop_5_9","MPop_10_14","MPop_15_19","MPop_20_24","MPop_25_29","MPop_30_34","MPop_35_39","MPop_40_44","MPop_45_49","MPop_50_254","MPop_55_59","MPop_60_64","MPop_65_69","MPop_70_74","MPop_75_79","MPop_80_up","FPop_0_4","FPop_5_9","FPop_10_14","FPop_15_19","FPop_20_24","FPop_25_29","FPop_30_34","FPop_35_39","FPop_40_44","FPop_45_49","FPop_50_254","FPop_55_59","FPop_60_64","FPop_65_69","FPop_70_74","FPop_75_79","FPop_80_up"
"1","Afghanistan",37172386,2874440,2756089,2572695,2266701,1882540,1496467,1215807,999639,800970,624944,493084,381863,282759,200620,129427,70687,44550,2880053,2779866,2592850,2268571,1873643,1447762,1165814,970278,769344,615212,494047,389881,301479,232745,164686,85764,61286
"2","Albania",2866376,89622,84841,93640,112218,124600,131728,112384,82968,76829,83846,94047,99030,84793,63788,50446,39520,35743,85656,78215,83717,106112,120879,117879,95498,76942,85387,96776,103057,106273,91378,69169,55052,43754,44297
"3","Algeria",42228429,2528375,2232391,1737660,1447710,1647963,1874849,1867303,1696318,1392969,1135501,972522,811401,673471,514843,318190,228442,252092,2472955,2185998,1703857,1416821,1619794,1870288,1881982,1715547,1418977,1167141,998813,819509,658479,506204,339112,266362,290161
"4","American_Samoa",55465,NA,NA,NA,NA,NA,NA,NA,NA,NA,NA,NA,NA,NA,NA,NA,NA,NA,NA,NA,NA,NA,NA,NA,NA,NA,NA,NA,NA,NA,NA,NA,NA,NA,NA
"5","Andorra",77006,NA,NA,NA,NA,NA,NA,NA,NA,NA,NA,NA,NA,NA,NA,NA,NA,NA,NA,NA,NA,NA,NA,NA,NA,NA,NA,NA,NA,NA,NA,NA,NA,NA,NA
"6","Angola",30809762,2803152,2425919,2002897,1616143,1332443,1123075,931243,747957,604437,469026,365101,310774,204875,136057,89436,47282,31631,2691664,2363467,1983659,1610295,1336039,1135807,950466,769136,627761,495121,377535,313822,216162,145095,108220,65796,51402
"7","Antigua_and_Barbuda",96286,3756,3555,3459,3694,3811,3536,3342,3282,3202,3208,3094,2605,1971,1461,1061,668,714,3393,3221,3152,3365,3495,3420,3459,3467,3490,3513,3308,2799,2084,1543,1128,721,863
"8","Arab_World",419790588,26042049,23761019,20576103,18778594,18736141,19229366,18483409,16366043,13794849,11154258,9029960,7199422,5392111,3785507,2389145,1489597,1284554,26736238,24376538,21165222,19293076,18732518,18448422,17407415,15385045,12893420,10629644,8806864,7081201,5587106,4197666,2856729,1960426,1934595
"9","Argentina",44494502,1914611,1870993,1823833,1790240,1781238,1750802,1616542,1553889,1449174,1208047,1076622,980487,858932,724782,547623,363805,385077,1755312,1716535,1674755,1648347,1651172,1645712,1545453,1508492,1439947,1230459,1118386,1041117,936749,831262,685114,519886,748001
"10","Armenia",2951776,111514,112450,99976,90656,100658,121102,123268,100220,81147,71144,77343,90873,77376,48261,27601,20871,34154,88236,87801,77251,69248,86722,118660,124194,105910,85734,78680,90551,105927,90888,59688,36023,30499,52605
"11","Aruba",105845,2912,3121,3559,3716,3888,3400,2587,2794,3215,3598,4000,4084,3277,2493,1711,1021,868,2517,2724,3119,3292,3414,2889,2429,3035,3488,3775,4235,4318,3551,2775,1934,1312,1436
"12","Australia",24992369,838328,830748,791982,764808,835756,918678,932772,870518,810871,815661,773679,756308,668176,591759,488508,333571,424172,788588,782119,745814,725592,791892,880835,923730,864851,814464,825943,783851,768303,691827,610516,507427,358151,582393
"13","Austria",8847037,222051,213286,216218,232700,271213,305646,308113,296230,281992,325526,362107,329119,258632,205257,191776,159745,170529,202564,193631,197184,211776,246677,282626,290830,282418,272111,315692,347168,320391,264460,221129,218998,197383,285102
"14","Azerbaijan",9942334,463318,425789,352217,348613,408332,466471,452190,378233,309631,295484,310206,292124,200900,111905,53783,41741,48721,406609,367768,302766,303383,377855,463229,457717,377906,322660,322589,343202,324978,230852,136834,72542,62613,86156
"15","Bahamas__The",385640,13399,14563,15965,16286,16750,15486,13229,13050,13628,13384,11992,10300,7068,4811,3307,2214,1890,11869,13374,15172,15493,15782,14608,13183,13537,13958,13895,12460,11078,8024,5429,3974,2865,2622
"16","Bahrain",1569439,55227,52956,46539,43070,67405,146636,177123,128227,88189,67805,46933,34376,24057,9601,5241,3129,2462,92652,87795,77683,65698,77864,111363,111339,92735,75662,59188,50698,40338,25078,12234,7686,5900,5063
"17","Bangladesh",161356039,7415617,7551914,7867700,8011389,7655740,7132476,6648320,6065818,5252799,4583255,4080983,3140467,2055570,1431419,1197553,819665,755969,7275281,7419652,7717837,7856581,7625633,7352465,7025339,6395288,5468636,4603170,3909556,2937285,1858964,1311990,1185312,852167,871498
"18","Barbados",286641,7690,8270,9356,9771,9523,9270,9115,9285,9482,9734,9546,9407,8143,6572,4913,3353,5095,6931,7514,8371,8677,8740,8685,8741,9099,9327,9845,9881,10148,8846,7070,5511,4163,6976
"19","Belarus",9485386,289202,288670,242001,219724,257798,369314,403561,349174,319266,294812,307802,336879,277890,190972,102105,78065,87638,242444,236821,199810,180973,212871,305578,338009,303885,292118,284064,307779,354038,329892,254659,159510,164133,248290
"20","Belgium",11422068,325737,342013,333014,322404,343088,366854,368267,373918,381522,395986,409065,397126,346761,297294,235258,164075,240881,300596,315758,308751,299029,319655,349730,361671,363791,358626,369900,386090,382075,347406,313425,262543,202350,401868
"21","Belize",383071,19880,19357,19601,19926,19002,17104,14647,12300,10666,9623,8154,6550,4689,3393,2327,1580,1999,19291,18553,18874,19672,18967,17359,15440,13207,11346,10063,8186,6439,4627,3169,2139,1497,1968
"22","Benin",11485048,934835,821929,716247,619880,531915,444626,365951,301618,247599,202799,163827,126572,95152,66962,43892,28350,19090,903225,795312,694175,602509,520387,440132,367138,306774,255550,212035,174298,138676,106496,81379,61888,40318,30951
"23","Bermuda",63968,NA,NA,NA,NA,NA,NA,NA,NA,NA,NA,NA,NA,NA,NA,NA,NA,NA,NA,NA,NA,NA,NA,NA,NA,NA,NA,NA,NA,NA,NA,NA,NA,NA,NA
"24","Bhutan",754394,31934,32346,34433,36856,40814,42709,38716,32037,25421,20092,16444,12733,10386,8225,6940,4893,4831,34848,35344,37722,39372,40466,40519,36910,29505,23118,19283,16242,13011,10468,7555,6155,4450,4841
"25","Bolivia",11353142,609276,601155,591836,571124,528565,477147,421637,368611,317243,268407,224895,187606,155752,128301,101003,70557,78046,587430,580633,572508,554351,516274,469928,419394,369577,320937,274196,231945,195836,165732,139506,112579,83109,107226
"26","Bosnia_and_Herzegovina",3323929,72748,90619,88312,96076,110888,102133,120434,121421,113119,115232,121646,127848,115541,93042,54348,42153,42815,66034,82433,81192,87826,100195,93427,110819,113179,105480,108907,122710,133013,120530,103321,70392,61452,67465
"27","Botswana",2254126,137532,130846,120011,108558,100051,94758,87007,78546,62725,46336,33664,26756,22646,17167,11446,6413,3587,125612,119722,109723,99319,92940,92471,90648,84509,67656,48808,37463,35324,31028,21761,14458,9447,7162
"28","Brazil",209469333,7496824,7470234,7857057,8508563,8703050,8561440,8682493,8378225,7340611,6539768,6042563,5222824,4140944,3126171,2122600,1381082,1421792,6923704,6919248,7307256,7954998,8210465,8182537,8426992,8256421,7354429,6687359,6316406,5592224,4572589,3593005,2581561,1818562,2298490
"29","British_Virgin_Islands",29802,NA,NA,NA,NA,NA,NA,NA,NA,NA,NA,NA,NA,NA,NA,NA,NA,NA,NA,NA,NA,NA,NA,NA,NA,NA,NA,NA,NA,NA,NA,NA,NA,NA,NA
"30","Brunei_Darussalam",428962,17526,16977,16391,18023,18327,18843,20836,20126,17977,15803,13353,10753,7802,4628,2469,1541,1529,17878,17170,16748,18053,17889,18332,19499,18963,17909,16443,13715,10591,8104,5216,2848,1696,1852
"31","Bulgaria",7024216,160350,185149,181486,154227,169285,224088,250286,258156,279057,261150,238085,233255,222608,206768,165806,104316,118708,143140,165725,161955,136599,149775,199101,220315,225836,248631,235294,222589,230451,240780,249813,221852,157308,203614
"32","Burkina_Faso",19751535,1702007,1507472,1308597,1100543,913151,753314,625592,514490,401395,308155,238059,174381,122962,82989,55247,31002,17552,1636359,1450793,1256088,1055721,883434,737187,620807,520292,418242,334637,272807,215836,167182,122260,84139,50315,30811
"33","Burundi",11175378,1001944,860850,697190,567679,507679,476450,399821,287228,185737,131128,117827,107983,88990,54201,26741,16489,12593,965170,835790,681768,558591,504637,477271,400923,288479,192913,146836,134172,118603,96656,61319,34431,23230,19741
"34","Cabo_Verde",543767,27060,26508,25537,24634,25173,27558,26567,22036,17463,14407,11829,9225,5967,3483,1403,1703,2313,26506,26005,25430,24468,24417,25856,23779,19683,15269,13076,12919,11185,7994,5293,3026,3330,4632
"35","Cambodia",16249798,901884,886964,795838,742947,819306,728941,697226,633790,280495,390061,334652,257989,164457,133272,79288,47499,35619,831432,804828,732933,698943,748160,683545,709237,648522,302448,412496,365710,317243,248930,186664,113725,70567,54847
"36","Cameroon",25216237,2021214,1814591,1585672,1348769,1158149,1024328,879279,711302,553609,431681,333025,251649,187886,136183,88340,50622,30940,1981519,1782919,1563421,1334922,1150960,1022176,878207,708963,552349,434529,341541,266436,207315,158159,109567,67446,46810
"37","Canada",37058856,1000412,1016923,992584,1042600,1254511,1338578,1287939,1272820,1191822,1182714,1289355,1382204,1204360,1002010,785973,506396,633129,938279,956854,931618,974986,1179295,1286280,1271384,1265963,1185803,1162184,1259847,1357682,1209295,1036563,832108,585643,950547
"38","Caribbean_small_states",7358965,292820,290354,291271,305230,313309,297043,276346,251194,223164,219058,206900,185376,141885,107014,78008,51402,59200,275541,275047,277724,289992,298284,286096,273576,259469,232939,227277,212578,193198,152273,113467,85891,61187,75040
"39","Cayman_Islands",64174,NA,NA,NA,NA,NA,NA,NA,NA,NA,NA,NA,NA,NA,NA,NA,NA,NA,NA,NA,NA,NA,NA,NA,NA,NA,NA,NA,NA,NA,NA,NA,NA,NA,NA
"40","Central_African_Republic",4666377,366564,348328,324434,282281,223365,168562,134296,108431,88998,74908,59765,46237,34265,23236,14895,8981,5274,354622,338377,316827,276622,218937,165419,131568,107263,89720,76746,63751,52727,42137,30856,21590,14613,11046
"41","Central_Europe_and_the_Baltics",102511922,2556164,2743158,2665256,2493571,2872888,3502518,3839730,3989067,4047350,3644879,3248213,3212207,3339948,2811267,1910171,1234577,1504589,2268171,2440275,2374547,2227456,2559783,3082652,3360043,3553741,3681886,3370399,3102850,3235902,3605928,3314622,2519607,1916374,3001316
"42","Chad",15477751,1416820,1210753,1034724,870696,716697,577214,458614,362252,282858,215815,165672,133028,105366,76228,48650,29847,20500,1393191,1198717,1027573,863632,709984,574000,455370,358514,280539,218149,173075,144660,120335,89099,55378,35642,27877
"43","Channel_Islands",170499,4415,4370,4423,4814,5326,5642,5906,5896,5990,6763,6582,5774,5052,4386,3343,2543,3121,4247,4118,4057,4473,4899,5355,5645,5630,5915,6723,6647,5853,5025,4441,3637,2802,4880
"44","Chile",18729160,612572,642616,627706,650810,741521,792331,739928,678668,644164,612746,586399,528674,443570,344333,238321,160852,183205,573387,602491,588881,611572,698133,746549,700368,650567,627958,608881,594865,549970,477379,385201,283096,213836,315280
"45","China",1392730000,44502954,45090038,43625048,43589744,46347874,57291349,61108782,47083767,52466043,62347194,57460219,44189050,38158415,32164071,18085556,11272049,9975602,41440218,41080872,39520164,40141168,43413434,55429191,60765684,47198886,52717795,63482681,59208990,45345803,40038312,34969958,20714145,13709363,15581093
"46","Colombia",49648685,1908079,1904352,2045619,2197279,2236491,2150291,1944506,1770056,1549103,1395137,1349158,1149336,896914,708007,481031,317712,361638,1754705,1754550,1887033,2034189,2088962,2034682,1883053,1780883,1640579,1520120,1449707,1261188,1019369,801594,563088,395139,495866
"47","Comoros",832322,61923,56091,49491,43699,38985,34968,30651,25105,19863,16144,13204,10511,7797,5095,3078,1917,1312,60694,55077,48688,43061,38479,34641,30501,25131,20041,16424,13604,11093,8528,5762,3657,2499,1954
"48","Congo__Dem._Rep.",84068091,7667821,6508606,5395045,4399348,3610945,3008502,2485921,2048395,1677422,1371952,1105780,867943,659721,485279,334600,194071,130524,7487841,6374847,5301343,4345730,3588592,3003128,2497223,2069462,1705878,1406660,1149037,919227,715774,548065,401964,248154,188950
"49","Congo__Rep.",5244363,406656,374753,323289,268176,223222,190683,173084,159333,139467,112384,85380,60750,41607,27843,17165,9512,5437,397162,367381,318143,265022,221299,189322,172422,159294,139080,112203,86689,63931,46327,33638,23112,14084,9633
"50","Costa_Rica",4999441,181100,182536,181802,192083,209805,218493,212584,189845,163151,148086,151388,139188,107401,79694,59747,38530,43796,172707,174174,173593,183832,201764,211605,207663,187365,164104,152449,156615,144601,113183,85530,65729,44995,59318
"51","Cote_d'Ivoire",25069229,1998730,1733967,1548031,1390742,1191969,987961,812387,679291,563917,451647,370459,305762,241888,172399,109294,62870,33852,2012637,1751185,1570354,1421676,1225698,1016034,832988,685093,550956,423911,335368,271340,213059,150287,95441,60658,38482
"52","Croatia",4089400,95752,106598,102975,107012,121878,122802,135254,144978,140650,133630,141775,144057,138453,119195,79825,62400,71705,83319,93426,90782,94173,107892,109884,121696,129986,127360,124379,136215,142705,140050,127924,100848,90910,147391
"53","Cuba",11338138,312520,316052,316056,345958,366991,399813,408156,321175,371187,500019,499094,410249,276251,258767,203878,153150,172018,291979,295035,294592,323380,340321,372100,389082,306439,358595,497189,515786,428079,297073,285866,226229,179194,230389
"54","Curacao",159849,4842,5177,5398,5392,4854,4437,3995,3863,4178,4948,5291,5356,4531,3891,3014,1929,2282,3913,4215,4405,4346,4027,4118,4203,4323,4629,5273,5729,5923,5072,4303,3387,2393,3119
"55","Cyprus",1189265,33746,34556,34630,39620,49991,54572,49693,44205,40685,37552,36582,34761,30090,25674,19965,13980,14673,31772,32626,32436,36433,44593,48380,47679,46449,42806,39378,37383,34542,31535,27003,22585,16911,22467
"56","Czech_Republic",10625695,278797,294124,277456,234330,264595,342720,370499,424426,477365,407217,338258,325395,323763,319706,250792,149177,148310,255298,269816,255041,215663,244794,316775,338211,387265,438886,376024,317873,317356,336340,359512,309791,208844,279441
"57","Denmark",5797446,151474,164074,174084,178039,199453,198512,169148,166040,185333,201610,213808,188120,163267,166771,162969,97235,102890,142632,153112,163715,168199,186978,187762,162260,163266,184034,197495,206339,188021,166983,171743,169616,113102,157568
"58","Djibouti",958920,50634,49089,49129,49733,48161,46542,43094,37634,33610,26465,20650,17238,11814,8356,6375,3595,2593,56460,49206,44055,45955,45286,45199,44643,39129,32183,25692,21600,17436,12863,9672,7334,4434,3564
"59","Dominica",71625,NA,NA,NA,NA,NA,NA,NA,NA,NA,NA,NA,NA,NA,NA,NA,NA,NA,NA,NA,NA,NA,NA,NA,NA,NA,NA,NA,NA,NA,NA,NA,NA,NA,NA
"60","Dominican_Republic",10627165,514841,505226,496361,489936,480306,448441,399985,361398,322489,289508,255469,219775,176194,128795,88098,60915,75017,493918,485268,477104,471658,468622,449820,399996,356237,328325,298788,267593,230369,185298,138508,97635,69970,93645
"61","Early-demographic_dividend",3249140605,163743908,161986791,159457147,155245727,149370254,141481391,132130940,119128032,103082762,89607371,76799445,63850911,50436624,36357384,23494924,15154349,13392191,159198475,157503848,154183000,149663699,145118439,139261985,131789558,119506794,104077271,91159218,78917122,66516834,53388286,39830814,27548475,18660804,18395530
"62","East_Asia_&_Pacific",2328220870,80989204,81408563,79339069,79800610,83032973,92843524,95675411,81387457,85244225,93987851,85505864,68511899,58201199,47581550,29348188,18843410,18334736,75916005,75401036,73237439,74394043,78324213,89552781,94382239,81003559,85003794,94616552,87205297,70223240,60953457,51695702,34167870,23750103,30208402
"63","East_Asia_&_Pacific_(excluding_high_income)",2081651801,75454387,75582142,73458538,73394296,75803252,85326647,87734388,72793048,76027866,84461676,76759411,60186095,50518444,40360072,23214369,14532825,12907925,71007266,70211964,67991057,68668463,71879333,82847639,87078524,72823121,76168113,85482892,78721578,62049362,53232865,44120796,27255301,18305222,20671885
"64","East_Asia_&_Pacific_(IDA_&_IBRD_countries)",2056064424,74561956,74733850,72560790,72413366,74793572,84335262,86798799,71948802,75139918,83325018,75820142,59459707,49946647,40080941,22914384,14361165,12825632,70194269,69440325,67165071,67762721,70948478,81935910,86222535,72041015,75334855,84388865,77806171,61309122,52617833,43762158,26784888,17945015,20360719
"65","Ecuador",17084357,845235,809202,792043,796718,776169,717916,657509,586821,523408,466488,400906,333652,275313,208383,142186,103123,112126,809103,775366,760308,767546,753102,705561,653162,589855,534175,480743,416231,350434,293879,226667,159505,120833,150725
"66","Egypt__Arab_Rep.",98423595,6678668,5762750,4689099,4400901,4231397,4118621,3963087,3424180,2810359,2278445,2003874,1727178,1342809,996164,674775,335866,295300,6428628,5538205,4514297,4249871,4145047,4111543,3952718,3382279,2835419,2395983,2083357,1773620,1416281,1108315,835441,470950,491517
"67","El_Salvador",6420744,295536,295325,298924,312703,314312,260947,202309,176085,162838,143874,125986,108049,89793,72664,56475,45049,49559,248972,249124,254233,273655,289411,259769,219949,200836,187813,167887,148714,128664,109202,89785,68112,52964,61341
"68","Equatorial_Guinea",1308974,96433,82410,67173,61845,73970,84411,80056,59199,38247,26499,18853,12426,9912,7048,4266,2617,1690,117604,99718,82289,70215,66210,65112,59515,45197,30866,24002,19462,14253,11945,8902,5606,3655,2508
"69","Eritrea",NA,NA,NA,NA,NA,NA,NA,NA,NA,NA,NA,NA,NA,NA,NA,NA,NA,NA,NA,NA,NA,NA,NA,NA,NA,NA,NA,NA,NA,NA,NA,NA,NA,NA,NA
"70","Estonia",1320884,34970,39345,36877,29844,34062,48673,51665,46098,47181,44726,39651,42317,38270,30615,21192,17605,19593,29340,33233,30953,25441,28407,39224,42437,38904,39966,39538,37531,42489,43407,39133,31173,31996,49514
"71","Eswatini",1136191,71982,74231,71893,64195,58825,47724,36433,31665,24687,20357,15204,11739,9707,7176,4931,2755,1537,67402,69812,68077,59455,52842,47190,43584,39647,29186,19055,11788,9707,9413,9200,7875,5642,5168
"72","Ethiopia",109224559,8291278,7434173,6828199,6361778,5581305,4435366,3475730,2845842,2308356,1908943,1409937,1086903,898336,698724,508116,314013,248339,8054673,7255264,6700067,6248988,5465972,4372336,3517803,2934310,2304833,1903849,1536582,1252446,1031601,793281,602571,361383,299380
"73","Euro_area",341783171,8424375,8938517,9107133,9131939,9448634,10022981,10723604,11241077,11775390,12534193,12903302,12021717,10325366,9074521,7637999,5900387,7908929,7638055,8088064,8222821,8240273,8564625,9231892,10098828,10707122,11206047,11978255,12504501,11902993,10571722,9626049,8442669,7157566,12938583
"74","Europe_&_Central_Asia",918793590,28674799,28928754,27198020,26035928,27901273,31783443,33805352,32528011,31425089,30504813,29994761,28909812,25032677,20618391,15428361,11210545,14212313,25526961,25762879,24235913,23240772,25031906,28890532,31253783,30566815,29982438,29482224,29764061,29879016,27466711,23867412,18643412,15371617,25225891
"75","Europe_&_Central_Asia_(excluding_high_income)",417797257,15833194,15394467,13729196,12692029,13621370,16291002,17399437,15573391,14112867,12606406,11824793,11807206,9993905,7318326,4347291,3049561,3501473,13740399,13377316,11952452,11079306,11963851,14517516,15771815,14442928,13501406,12362639,12159394,12921087,12024154,9690834,6363112,5426921,7800781
"76","Europe_&_Central_Asia_(IDA_&_IBRD_countries)",459865205,16876737,16518344,14798499,13706330,14849555,17770914,19101215,17348811,15685172,13959479,13077395,13185091,11427231,8475450,5091783,3493196,4107583,14678325,14387088,12914876,12001328,13076726,15829597,17256492,16018794,14945767,13631607,13363922,14303813,13546241,11032192,7326234,6111989,9047792
"77","European_Union",513213363,13094320,13869322,13819586,13624855,14553209,15894887,16868524,17401122,17916794,18429526,18547133,17394919,15491747,13679471,11281683,8294196,10899455,11890749,12585142,12529016,12359269,13245719,14611764,15761538,16457080,17002511,17621944,18007744,17296102,15999965,14741564,12716650,10291846,17942146
"78","Faroe_Islands",48497,NA,NA,NA,NA,NA,NA,NA,NA,NA,NA,NA,NA,NA,NA,NA,NA,NA,NA,NA,NA,NA,NA,NA,NA,NA,NA,NA,NA,NA,NA,NA,NA,NA,NA
"79","Fiji",883483,46534,45557,41512,37562,36734,35639,34828,33857,28087,24726,24259,21633,15361,9968,6381,3175,2112,45386,44708,40648,36676,36411,35376,34149,33097,27120,24183,24329,22045,16526,11484,8042,4661,3080
"80","Finland",5518050,142590,158359,154763,151337,168015,181247,179392,183047,168689,164521,182876,183660,175304,178744,151131,88911,106669,132027,147028,143760,139896,155804,167848,164067,168318,156097,154951,176519,180573,178375,188785,167003,110878,187324
"81","Fragile_and_conflict_affected_situations",515215936,38483489,34921666,31210077,27410298,23683442,20218614,17159196,14491614,11989687,9737682,7823740,6122068,4717933,3407134,2181496,1321245,940052,37160134,33802935,30302391,26746598,23287773,20069702,17232270,14673756,12247456,10142648,8342883,6671406,5339724,4018331,2646974,1722165,1412288
"82","France",66987244,1967639,2084707,2098152,2026845,1925017,1924670,2024500,2016221,2079856,2257522,2208451,2104158,1942966,1864661,1489171,936568,1481279,1765849,1871182,1879854,1825536,1773060,1835781,1966958,1955744,1994605,2160869,2146161,2090595,1986775,1962957,1621263,1117630,2477564
"83","French_Polynesia",277679,10039,10836,11630,11302,10383,10273,11116,9875,9990,10457,9529,7823,6284,4500,2865,2154,1656,9529,10774,11237,10680,10597,10538,11936,10247,9948,10328,9070,7744,5919,4528,2861,2400,2378
"84","Gabon",2119275,156965,131453,107694,93309,91543,96526,92808,79630,65512,51279,36257,24657,18459,13757,9551,5817,4159,159394,133882,110043,95641,93460,98048,91463,71674,55432,45065,35216,26148,20064,15780,12028,8678,7359
"85","Gambia__The",2280102,198403,168775,142113,122136,108346,92373,71294,54242,43092,34659,28902,21913,15749,12091,8986,5050,2757,191397,162878,137829,120048,108374,93641,74214,58782,46548,37632,32107,22601,15144,12322,9078,5174,3114
"86","Georgia",3731000,134392,134487,116508,109140,121381,132850,134266,124993,119333,112535,114502,118432,99289,76371,49267,37421,44848,115063,112350,94819,87831,102083,119967,124258,118046,114620,110690,119137,128895,115929,98292,70083,61692,86259
"87","Germany",82927922,1980599,1883618,1961567,2169356,2349305,2560468,2776681,2635329,2473221,2880001,3493480,3268813,2697059,2158805,1818109,1735319,2074602,1830152,1722469,1774695,1949306,2104682,2305629,2551186,2493360,2374762,2761605,3363271,3192405,2742912,2297321,2001819,2102244,3348514
"88","Ghana",29767108,2096396,1910215,1707284,1553233,1407851,1252955,1098923,920863,782233,673119,557777,422635,281226,185777,126820,64698,42230,2062492,1882811,1681789,1526589,1382024,1229126,1082913,917149,787820,685478,576188,449967,312387,213928,152870,84401,56304
"89","Gibraltar",33718,NA,NA,NA,NA,NA,NA,NA,NA,NA,NA,NA,NA,NA,NA,NA,NA,NA,NA,NA,NA,NA,NA,NA,NA,NA,NA,NA,NA,NA,NA,NA,NA,NA,NA
"90","Greece",10727668,224510,269134,284124,275026,279737,294518,346476,400394,407730,409171,386157,344528,312795,276189,241327,190477,323255,203163,243049,259193,254982,253070,257818,314679,371486,384071,397389,385870,358316,337065,305674,268398,229187,442136
"91","Greenland",56025,NA,NA,NA,NA,NA,NA,NA,NA,NA,NA,NA,NA,NA,NA,NA,NA,NA,NA,NA,NA,NA,NA,NA,NA,NA,NA,NA,NA,NA,NA,NA,NA,NA,NA
"92","Grenada",111454,4624,4671,4161,4004,4690,4923,4767,4018,3238,3256,3137,3187,2619,1783,1249,864,971,4501,4499,4007,3930,4668,4835,4667,4091,3149,3013,3025,3195,2634,1769,1453,1180,1548
"93","Guam",165768,6989,6862,6970,7264,7160,6483,5561,4962,5025,5297,5351,4787,3674,2952,2022,1164,1200,6775,6618,6744,6895,6713,6402,5631,4974,5022,5226,5088,4668,3792,3208,2310,1511,2145
"94","Guatemala",17247807,1046968,995319,991553,973849,880662,757836,631142,526956,405424,307464,240190,196289,168446,132438,90297,68676,79424,972038,924399,922135,910734,835889,737977,637420,558328,455839,362435,290257,238538,201532,156958,107815,80887,99751
"95","Guinea",12414318,1016382,905775,817530,727042,614016,479599,354506,260006,195188,154356,128502,105385,84291,60525,37586,24938,15453,932848,832256,748785,662114,561254,456908,371176,302640,245666,204001,175816,151850,126795,92792,57267,36140,22773
"96","Guinea-Bissau",1874309,150393,133891,114977,98179,86024,75127,63331,50654,38572,29812,22348,17637,13944,9974,5509,3146,1727,140962,126250,109079,94149,84428,75780,65310,53037,40563,31427,24378,20675,18126,14271,8470,5149,3193
"97","Guyana",779004,38813,36862,36473,40009,40581,30357,22708,24863,22873,22816,20822,17456,13426,8974,6210,3541,4215,37128,35190,36160,39015,38164,29924,23138,25168,23273,23029,20956,17959,14376,10587,6661,4535,5734
"98","Haiti",11123176,646393,629033,604471,567825,521700,476956,441303,374232,271047,217781,196551,164906,132767,96616,63952,46099,37413,606685,591513,572679,547750,514082,477371,445527,383844,288215,234650,209360,176648,142149,110105,77612,57407,53445
"99","Heavily_indebted_poor_countries_(HIPC)",780234406,63097071,56311651,49707700,43008149,36420543,30244324,24899068,20408320,16486033,13218315,10425017,8150384,6201271,4490514,2986948,1768312,1263065,61153604,54749330,48487329,42138277,35916274,30054285,25120810,20896181,16890021,13698847,11076897,8883410,6970664,5246129,3708646,2293916,1802065
"100","High_income",1210312147,33194631,34694807,34545960,34885454,38406144,41867452,43029623,43032075,42879308,42882377,41998868,40013309,35385028,30765146,24808783,17453879,22350188,31324170,32705215,32564452,32825524,35581163,38170191,39533491,40213686,40436191,40944164,40819611,39878518,36707930,33391174,28327169,21795009,36975374
"101","Honduras",9587522,512991,512244,528904,532018,496513,429694,376479,323139,263504,209641,167354,130532,103467,76215,50619,34753,40964,488821,490374,506896,510949,480160,419449,373096,327066,274285,224945,183583,145705,117025,87464,59284,42296,57632
"102","Hong_Kong_SAR__China",7451000,169169,156875,141841,153365,209714,231130,230637,231577,230438,238466,268246,309014,275809,208468,141221,88483,148041,131541,116527,109697,122901,179981,233170,276557,301488,288426,282206,289817,289397,237496,186525,122264,78309,186191
"103","Hungary",9768785,231810,239717,250817,252578,290668,326780,311639,361571,418301,368380,296974,277618,313659,273596,180870,127906,123889,199043,207078,215804,216632,251241,282887,272786,323722,373948,333922,281693,283162,347748,328997,248358,206687,273067
"104","IBRD_only",4772284113,196221341,197059039,193613368,190567946,191476366,200915649,199891441,174288632,164469088,161428110,145041946,120435587,100336679,77506683,46639807,29874429,28222666,185824570,185632041,181579123,179047678,181499974,193681498,196205915,173086388,165214378,164006933,149447948,126015524,108095131,87035044,56342565,39380499,45893566
"105","Iceland",353574,11197,12530,12125,11297,12705,13406,12390,12264,11344,11060,10883,11107,10249,8611,6592,4163,5531,10954,11981,11597,11096,12148,12831,12028,11948,11232,10992,11290,11457,10277,8479,6700,4718,7726
"106","IDA_&_IBRD_total",6412522234,314821623,304793242,290941586,277677830,268247303,267315897,256739519,222145186,203774223,193859913,171685050,141604373,115966077,88561978,54243106,34582213,31789863,301460038,290955972,276792839,264472157,257465666,260179178,253914115,222039617,205269284,197044131,176856539,148152894,124810195,99171465,64962842,44883833,50318217
"107","IDA_blend",555830605,40876374,36778974,32714898,29082086,25891151,23003913,20058418,16823706,13822666,11214144,9200723,7454556,5522558,3839156,2633128,1632741,1190660,39866263,36015581,32027871,28524176,25671020,23042575,20204134,16968727,13990334,11466839,9584304,7923901,6018592,4271509,2916080,1847885,1400061
"108","IDA_only",1084407516,77723908,70955228,64613320,58027798,50879786,43396335,36789660,31032848,25482469,21217660,17442381,13714231,10106841,7216139,4970171,3075044,2376537,74903813,68601849,62605877,56463331,50042266,43450237,37665466,32152807,26338806,21950108,18217177,14567148,11037642,8157265,5876855,3784383,3205325
"109","IDA_total",1640238121,118600282,107734202,97328218,87109884,76770937,66400248,56848078,47856555,39305135,32431803,26643104,21168787,15629399,11055294,7603298,4707785,3567197,114753266,104613710,94650102,85010753,75724703,66485015,57857447,49117705,40323889,33417094,27800013,22483764,17050370,12428591,8796595,5635329,4611859
"110","India",1352617328,60996093,64116354,67071242,66337392,64078213,61189933,57576730,51556939,44553072,39028988,33841414,28853550,23643347,17258733,10526265,6681232,5733115,59939646,62917654,65187884,63821017,61680644,59357015,56572185,51342138,45224285,40050316,34950515,30077012,24958788,18824468,12348521,8238850,7551670
"111","Indonesia",267663435,12433819,12108815,11870693,11985870,11313051,10287399,10220834,10493796,9676462,8852448,7561644,6152407,4731693,3131231,1904731,1199255,860766,12086792,11705886,11359047,11475582,10943801,10256592,10460989,10603459,9655544,8808163,7650896,6318991,4754566,3270871,2367833,1618663,1447241
"112","Iran__Islamic_Rep.",81800269,3825584,3425924,3030550,2770387,2983982,3768039,4319255,3837832,2967241,2492366,2150327,1728206,1432393,981606,643505,472485,529244,3698016,3314780,2948147,2726233,3030331,3880579,4453857,3917279,2966951,2496299,2187396,1785331,1466323,1019501,658182,409791,399932
"113","Iraq",38433600,2779840,2552064,2249714,2064014,1865296,1637486,1404901,1197104,1021262,822367,591081,373156,311402,253887,143612,103787,73094,2687378,2472683,2183318,2012243,1827286,1606128,1381774,1181803,1027700,862847,661520,444470,375089,302374,168039,134638,114776
"114","Ireland",4853506,170487,187337,173988,152352,141394,140112,164249,190712,189775,171902,150597,136821,120612,110944,87251,57414,60154,158164,175964,164454,144400,133843,134569,167676,200081,194762,171474,149706,137541,122269,112937,90358,62784,85119
"115","Isle_of_Man",84077,NA,NA,NA,NA,NA,NA,NA,NA,NA,NA,NA,NA,NA,NA,NA,NA,NA,NA,NA,NA,NA,NA,NA,NA,NA,NA,NA,NA,NA,NA,NA,NA,NA,NA
"116","Israel",8883800,459836,429796,384033,352101,325726,303851,298586,292169,278579,243990,207291,187244,178614,171335,123100,72638,106525,431253,402193,359396,329649,305403,288835,291453,290265,278984,246258,212762,198617,196931,191311,139436,90191,162479
"117","Italy",60431283,1254263,1419966,1473157,1478683,1536778,1629565,1717101,1899507,2220835,2439653,2391917,2149009,1810462,1690245,1494132,1167731,1610700,1117079,1268086,1312963,1302040,1350601,1474270,1598436,1790225,2114325,2348963,2339149,2146319,1852086,1762394,1617074,1384751,2604942
"118","Jamaica",2934855,120880,116852,117501,129308,135985,127471,113925,95687,84251,86311,80998,69327,53832,42251,32373,22243,28258,113829,111376,111979,122152,129177,121586,112332,102362,92722,92436,84198,72743,59313,42255,33551,24072,31372
"119","Japan",126529100,2579643,2806179,2861363,2965991,3083944,3234204,3626655,4020975,4661511,4906238,4153091,3844120,3868710,4369097,4086294,2919129,3810606,2333906,2539495,2590115,2686992,2797849,2939743,3302466,3685853,4295124,4545650,3902305,3628676,3734709,4405694,4405392,3480137,6523643
"120","Jordan",9956011,570275,597199,565014,508713,461807,421152,384997,346904,300577,262375,203926,141956,94019,67403,50534,35035,26884,558141,593230,567063,512089,465520,424226,384209,341083,289991,249304,198072,146981,100720,73740,59233,41344,33821
"121","Kazakhstan",18276499,1008885,952744,714065,537773,630051,798933,774244,626378,568640,506749,479418,459623,325109,209759,102661,85764,81205,894558,846727,636365,480992,571343,759592,745930,592970,557164,513892,515104,516367,410550,301000,167356,168643,183450
"122","Kenya",51393010,3526898,3505649,3272977,2874606,2438912,2094576,1911728,1587453,1252919,958354,709446,521908,374302,248308,137746,69144,49166,3422603,3408164,3181607,2815040,2414094,2095626,1923288,1600285,1265790,975793,739728,568951,434085,309518,185933,104914,88674
"123","Kiribati",115847,7608,7428,6161,5306,5490,4797,4187,3421,2737,2430,2537,1936,1204,808,498,233,157,6780,6741,5785,5013,5253,4710,4419,3626,2894,2646,2764,2071,1454,1107,810,497,372
"124","Korea__Dem._Peopleâ€™s_Rep.",25549819,892431,848292,897748,980930,1009680,991385,935589,844246,887947,1136657,939270,726388,571798,279130,299985,171659,82294,814909,775975,824213,898528,924612,916754,869028,787986,838254,1087587,916459,739652,616045,370937,459139,349279,306075
"125","Korea__Rep.",51635256,1067312,1179854,1204217,1446743,1818075,1834829,1824671,2027434,2107223,2232840,2180951,2068072,1688090,1157580,866774,619434,536446,1014649,1118790,1124809,1334526,1630276,1607606,1660164,1897214,2013796,2176907,2163396,2079133,1760282,1259283,1025467,869391,1124858
"126","Kosovo",1845300,NA,NA,NA,NA,NA,NA,NA,NA,NA,NA,NA,NA,NA,NA,NA,NA,NA,NA,NA,NA,NA,NA,NA,NA,NA,NA,NA,NA,NA,NA,NA,NA,NA,NA
"127","Kuwait",4137309,155608,169654,149327,116366,118900,161509,256975,334792,319338,262358,189183,120866,81860,35548,14322,9263,5213,223745,224194,188169,153279,141973,165114,254536,288818,263778,228500,152640,92984,60404,28503,18485,9529,6429
"128","Kyrgyz_Republic",6315800,405069,360751,279727,253230,275149,295866,265401,203161,170773,152546,141744,125619,87541,51610,24018,13372,19174,376142,337328,263448,238734,258970,284661,261062,197502,172561,159937,153396,142712,106248,69565,37463,24366,40653
"129","Lao_PDR",7061507,401919,393606,376995,356932,351270,329194,281059,231822,197632,166551,135337,111699,84926,56476,33044,21054,16111,389281,382258,367855,351243,349164,327225,279710,234978,198589,167605,137428,111440,86429,64794,44890,28506,24232
"130","Late-demographic_dividend",2288665963,77174528,77193920,74621706,74570771,79804514,94427931,99038969,82294585,84307812,91438961,84329913,68994431,58578414,46912118,27482120,17475917,16989460,71484058,70617977,68229698,68982703,74331171,89344659,95679109,80758051,83579197,91900253,86304177,71785760,63353887,53010051,33342871,23464204,29468245
"131","Latin_America_&_Caribbean",641357515,26676221,26654352,26992573,27492974,27384842,26436045,24903946,23133823,20711921,18579175,16764561,14391884,11520560,8861063,6194318,4181161,4504185,24714785,24767200,25161372,25838420,26029729,25471375,24510207,23197554,21200048,19343735,17695902,15407462,12650479,10001132,7298311,5267831,6828063
"132","Latin_America_&_Caribbean_(excluding_high_income)",609013934,25599756,25510638,25852248,26340231,26154267,25164890,23699238,21999772,19622802,17550086,15791482,13503974,10775259,8274215,5760767,3884717,4160418,23721130,23708046,24107279,24775922,24887116,24278765,23367792,22103881,20132791,18312800,16697375,14474642,11841051,9336179,6781649,4878503,6239840
"133","Latin_America_&_the_Caribbean_(IDA_&_IBRD_countries)",625569713,26271404,26203215,26521666,26999621,26880740,25904942,24368495,22680508,20202880,17940655,16129436,13851914,11130879,8507238,5906256,3970084,4262697,24346343,24354227,24733052,25395040,25575852,24982775,24002880,22760312,20702686,18703077,17034913,14837300,12222683,9600795,6972405,5016971,6491318
"134","Latvia",1926542,55795,51993,51122,41001,46684,69209,71231,62164,63308,63223,62014,65586,55841,41914,30349,26735,27842,43778,41608,41704,33335,37051,55772,57798,51941,55692,57241,59196,66736,63355,54324,47343,48360,70776
"135","Least_developed_countries:_UN_classification",1009662578,73577065,67025510,60896672,54366315,47262096,40021746,33736277,28478866,23393435,19465917,15941093,12510960,9196375,6604087,4592168,2836304,2160175,70792627,64731889,58970150,52890291,46535804,40180479,34658052,29589847,24215920,20159678,16659578,13288325,10053653,7476058,5456124,3498014,2908570
"136","Lebanon",6848925,316856,311857,300128,300356,298317,270597,238110,233767,222802,213679,218009,180732,119013,84013,57160,38048,41168,302283,283389,282868,303838,315168,309105,284307,257022,226149,201166,168054,130827,118121,99117,59245,42964,60989
"137","Lesotho",2108132,127010,110524,107623,108636,102851,97321,89749,76282,57150,41500,33294,28137,21726,16042,11086,6089,3933,121717,107710,105383,104848,98304,91805,80718,66151,51002,42196,38641,35750,30435,23148,16547,11472,13125
"138","Liberia",4818977,367879,337308,305098,263918,216244,180572,162096,140482,114850,91805,72170,56177,42109,28973,19389,13400,8184,356014,327316,297236,259015,214731,180573,162080,140252,115315,93710,76017,61818,48935,35440,24163,16876,11164
"139","Libya",6678567,329906,334484,306080,280636,276052,285503,293806,291623,276914,228481,163297,102122,71002,51290,35440,26070,21052,318819,324203,297032,273610,273528,288382,299299,292011,270459,221255,162981,110372,78994,58479,42026,32045,30265
"140","Liechtenstein",37910,NA,NA,NA,NA,NA,NA,NA,NA,NA,NA,NA,NA,NA,NA,NA,NA,NA,NA,NA,NA,NA,NA,NA,NA,NA,NA,NA,NA,NA,NA,NA,NA,NA,NA
"141","Lithuania",2789533,76461,73169,63424,68088,85565,102288,91697,80583,87963,93786,98691,102369,79402,58883,42479,38990,45150,61932,59778,51914,55298,68817,81074,73843,67495,78955,86911,95187,105029,89991,76541,65599,65297,105327
"142","Low_&_middle_income",6383958209,314326343,304130101,290365683,277226088,267535851,266290799,255460835,220660336,202615109,193338040,171103239,140655533,114782312,87477205,53673162,34235622,31171281,301111900,290437310,276351907,264132418,256859826,259305363,252825332,220694051,204184143,196584241,176316995,147171350,123493937,97893053,64245619,44395130,49044961
"143","Low_income",705417321,55600208,49724131,44156426,38572900,32966744,27366705,22427792,18301129,14978725,12444540,9895394,7805531,6003623,4226769,2924936,1739059,1179091,53389754,47948627,42697722,37490409,32438034,27356718,22901295,18975940,15420650,12912601,10561137,8520489,6731016,4990802,3746295,2379244,1852968
"144","Lower_middle_income",3022905169,161242300,157617311,153040493,146554437,138894054,130229330,120638292,108019389,93015250,80865879,69686239,58394430,45886292,32584234,20525389,13024316,11140042,156910975,153289829,147982948,141137093,134518089,127727592,119890947,108208008,94206942,82515459,71674931,60946565,48845122,36037683,24455091,16689740,16320662
"145","Luxembourg",607728,17069,16169,16194,18074,20510,22469,23569,23666,23511,25058,24511,20529,16440,13064,9855,6775,9204,16322,15794,15829,17341,19507,21739,23940,23691,22316,23133,22598,19945,16335,13258,10844,8597,15474
"146","Macao_SAR__China",631636,18012,15146,11215,12947,20652,28060,31602,26421,20847,20628,21099,24303,20824,14922,8153,3702,4788,15843,13155,9682,11245,18431,27830,32841,25141,21503,25973,26004,24857,18795,13393,7069,3825,7736
"147","Madagascar",26262368,1990872,1782699,1614705,1448947,1252718,1028898,856039,730051,613457,491470,389164,305505,234938,159995,91531,57338,50300,1933866,1741215,1590881,1440347,1253773,1029681,852889,725451,614783,502642,406413,327167,256398,180078,110412,71809,60821
"148","Malawi",18143315,1432731,1362323,1216827,1019247,856479,714609,578429,449756,365074,278708,207617,155253,115158,84150,58314,31329,18375,1363643,1304584,1175824,993691,847223,722355,591049,458215,372331,291309,227944,178264,138119,107788,83652,51535,36854
"149","Malaysia",31528585,1341918,1258850,1293529,1417336,1478072,1496418,1503215,1313385,1037389,927400,820242,727647,571897,422435,277118,161171,164443,1337705,1257929,1290237,1410818,1479937,1499845,1465219,1233458,996736,949289,837892,715468,596471,457325,315052,185226,183856
"150","Maldives",515696,19304,19556,14940,17861,41315,58591,47840,30848,21736,15994,11203,8475,5809,3215,2430,2194,2213,29449,29777,24590,21781,28238,35932,36459,28385,20395,17570,15015,12331,8458,4724,3779,3503,3136
"151","Mali",19077690,1760205,1543541,1307567,1046537,829858,670981,555785,469012,381827,291753,208681,152632,121331,90862,58813,37738,22978,1703991,1495300,1270111,1022679,819312,668833,557367,476151,393500,309792,233794,181656,149038,114550,77297,48449,28282
"152","Malta",483530,12280,12044,11359,12265,15398,18078,18838,18263,17131,15058,14464,16375,16192,15540,13255,7626,8211,11572,11193,10753,11730,14320,16631,17468,17054,16237,14396,14132,16399,16459,16121,14579,9353,13980
"153","Marshall_Islands",58413,NA,NA,NA,NA,NA,NA,NA,NA,NA,NA,NA,NA,NA,NA,NA,NA,NA,NA,NA,NA,NA,NA,NA,NA,NA,NA,NA,NA,NA,NA,NA,NA,NA,NA
"154","Mauritania",4403319,340353,297987,258059,226743,201217,180700,160004,134117,108430,85838,67411,51961,38150,25592,16117,9669,7119,330645,291242,252889,222117,197141,177211,157190,132389,108571,88072,71403,56994,43222,31464,22944,14516,11459
"155","Mauritius",1265303,33501,36936,44338,48202,49380,49478,42899,46864,47838,41241,44543,42843,34673,27336,17003,9191,9081,31456,34752,41643,45614,47497,47921,41518,44870,45837,39794,43873,43390,36497,30721,21036,12713,16218
"156","Mexico",126190788,5694395,5715899,5712501,5650382,5512439,5198286,4588592,4240442,3980587,3629641,3085920,2578268,2031689,1514592,1048871,721203,817112,5211995,5227761,5250766,5270872,5224315,5081067,4714749,4462442,4244203,3894700,3335569,2770907,2231387,1679217,1180521,841274,1099077
"157","Micronesia__Fed._Sts.",112640,6229,6080,6004,6059,6081,5268,3998,3317,2974,2617,2493,2290,1827,1202,517,175,141,6034,6010,5957,5896,5865,4917,3854,3361,2966,2885,2659,2360,1959,1258,659,327,305
"158","Middle_East_&_North_Africa",448912859,25465272,23260013,20078093,18459812,19133501,20960961,21225258,18937662,15736799,12787582,10483941,8408099,6456867,4539461,2893364,1880639,1807207,25986660,23711866,20527812,18878294,19159158,20332115,20341694,18051529,14822958,12269257,10311962,8364431,6709930,5004734,3377894,2289324,2374913
"159","Middle_East_&_North_Africa_(excluding_high_income)",382896715,22703976,20615606,17802351,16369198,16282993,16718152,16362932,14365903,11666821,9664157,8310903,6868918,5489230,3961872,2553327,1666425,1590774,21883032,19864235,17197831,15894824,16021583,16739971,16569459,14556962,11863390,9995726,8619431,7081476,5719536,4234861,2859131,1940867,1951223
"160","Middle_East_&_North_Africa_(IDA_&_IBRD_countries)",378327628,22372380,20306558,17533696,16124957,16045993,16510830,16202176,14234746,11557497,9575251,8238070,6815431,5453708,3934399,2532495,1655045,1582756,21557885,19560834,16933035,15652682,15786704,16534329,16409083,14425872,11753609,9905220,8544183,7024952,5679887,4204414,2837359,1926429,1939514
"161","Middle_income",5678540888,258726135,254405969,246209257,238653187,234569106,238924094,233033043,202359207,187636384,180893500,161207845,132850002,108778689,83250436,50748226,32496563,29992190,246893246,241831383,233146012,226289339,224239950,231981099,230106845,201918359,189034356,184009936,166100165,138950070,117030772,93128396,60628866,42113800,47331241
"162","Moldova",3545883,94880,100599,94189,95085,121711,167215,181252,147019,123406,104069,105265,114929,99497,70377,32057,24809,24404,82094,87541,81742,82600,107956,148973,161338,132696,117310,103458,111168,128031,120759,91711,46617,44052,52717
"163","Monaco",38682,NA,NA,NA,NA,NA,NA,NA,NA,NA,NA,NA,NA,NA,NA,NA,NA,NA,NA,NA,NA,NA,NA,NA,NA,NA,NA,NA,NA,NA,NA,NA,NA,NA,NA
"164","Mongolia",3170208,192651,168478,126679,108469,123035,147520,148307,120612,106492,92903,77336,60164,37386,23103,14202,9614,6930,182663,160189,120803,103944,118139,142881,143388,116054,106615,95066,84117,70313,46095,28523,18809,13553,12725
"165","Montenegro",622345,18803,19829,20484,20657,21864,22059,22273,22528,20524,19223,19658,20796,19419,15871,9059,6494,8154,17081,17762,18165,18474,19688,20041,20957,21896,20915,19774,19499,20864,20144,17677,12150,9712,12896
"166","Morocco",36029138,1761008,1700870,1568921,1502444,1507756,1507027,1390440,1248178,1048749,946018,919181,874192,717494,495139,304598,217059,159990,1644766,1585323,1464901,1411621,1427155,1464436,1422707,1346099,1173189,1057302,960605,865582,717125,483484,314219,272862,257690
"167","Mozambique",29495962,2483984,2189085,1928033,1639775,1332748,1091938,898555,721864,549196,404765,311112,249154,191206,142942,93833,52463,32207,2318861,2053986,1825258,1569138,1288742,1063808,892756,748110,603633,493571,397774,310321,246125,197410,144585,91334,67447
"168","Myanmar",53708395,2279429,2335347,2512010,2527916,2328549,2138534,2005335,1910462,1765580,1576112,1332888,1071273,840605,575824,334399,200870,148072,2082040,2145635,2317870,2350993,2198899,2061267,1953268,1875023,1800193,1660260,1459100,1229650,1030267,743503,432556,287437,255244
"169","Namibia",2448255,166343,153141,132232,121136,119975,108174,90487,72915,59838,46680,35253,27589,19110,12864,9329,6215,4809,155862,144044,124793,115395,116005,105904,89095,72207,60031,49252,40422,34129,26508,19147,13511,9998,9784
"170","Nauru",12704,NA,NA,NA,NA,NA,NA,NA,NA,NA,NA,NA,NA,NA,NA,NA,NA,NA,NA,NA,NA,NA,NA,NA,NA,NA,NA,NA,NA,NA,NA,NA,NA,NA,NA
"171","Nepal",28087871,1379245,1389984,1521845,1623400,1404631,941189,651202,583138,601631,592850,535675,444361,367500,290590,205218,143331,94263,1116229,1167379,1255472,1373323,1370901,1169170,997918,888718,759834,635108,533910,428277,344064,277752,213483,140816,97702
"172","Netherlands",17231017,452268,469024,503774,527756,534552,554970,538460,508108,529575,612237,656104,619891,545611,506150,431102,275082,312773,425548,440391,472700,496655,506951,532115,521313,496395,524813,606023,640179,603856,543552,515504,448463,309880,493101
"173","New_Caledonia",284060,10555,11332,11106,11484,11560,10395,10770,10287,10283,10352,8931,7724,5794,4892,3815,2226,1486,10225,10994,10819,11194,10928,9718,10582,10318,10492,10406,9176,8120,6198,4863,3819,2531,2608
"174","New_Zealand",4885500,158816,169374,164650,161020,177908,178747,156271,138704,142218,154770,156429,153906,132852,117515,97918,64386,76336,146075,154628,151226,148814,161048,165223,156956,146260,150789,165541,163848,158786,137550,120641,101086,70457,102894
"175","Nicaragua",6465513,339402,337955,324874,310779,303905,292242,268074,232202,184059,144943,117281,101787,83968,55360,34015,27933,27895,315855,311440,296459,282606,280741,278685,265346,241399,202368,166362,137428,119242,100126,68650,42233,35360,42376
"176","Niger",22442948,2295143,1882626,1530390,1227707,970073,749845,550422,425262,378410,307385,263184,234572,176854,134243,81555,42539,22657,2228588,1837172,1494731,1196480,940365,738974,606059,508474,412394,338062,279112,221102,167170,126454,93886,53724,30120
"177","Nigeria",195874740,16850480,14605785,12451762,10436692,8615755,7303399,6360859,5463257,4474537,3521785,2762773,2194061,1645646,1170438,776559,404885,199083,16499122,14358519,12288761,10354182,8591534,7292686,6342264,5448156,4494385,3596627,2891706,2350629,1822560,1325550,873553,468022,239503
"178","North_America",364290258,10976331,11541950,11776952,11888662,12811964,13340328,12611658,11773139,11187626,11301487,11932972,12154918,10948424,9077936,6819526,4471023,5651833,10282300,10813318,11042015,11183582,12063584,12582717,12087102,11507857,11060616,11091527,11611151,12134674,11367073,9816676,7749183,5395731,8477623
"179","North_Macedonia",2082958,59868,58627,59323,64013,71590,81237,84250,82828,76740,73819,72445,67705,63152,50422,32614,22841,20703,56001,54634,55811,60455,67754,77409,80201,78854,74046,71979,71892,68946,65822,56277,40287,30445,31364
"180","Northern_Mariana_Islands",56882,NA,NA,NA,NA,NA,NA,NA,NA,NA,NA,NA,NA,NA,NA,NA,NA,NA,NA,NA,NA,NA,NA,NA,NA,NA,NA,NA,NA,NA,NA,NA,NA,NA,NA
"181","Norway",5314336,153844,162700,161858,165548,181621,188139,186967,180310,182964,196608,186611,166312,150491,138938,120206,73370,85945,148489,157022,157421,160496,173145,182171,181763,170953,174161,188366,178804,162039,150653,142528,127683,86115,140621
"182","Not_classified",NA,NA,NA,NA,NA,NA,NA,NA,NA,NA,NA,NA,NA,NA,NA,NA,NA,NA,NA,NA,NA,NA,NA,NA,NA,NA,NA,NA,NA,NA,NA,NA,NA,NA,NA
"183","OECD_members",1303529456,38548286,40178587,40298604,40547631,42773693,44319653,44208376,43923165,43794343,44139020,43248394,41033497,36290484,31603965,25541903,17999799,22738444,35540485,37033821,37158600,37509901,39682374,41461308,42154793,42467075,42653782,43122597,42499870,41063038,37576756,33902010,28650412,21970239,36740784
"184","Oman",4829483,226577,185598,138135,109000,270406,553440,581234,375991,258271,182165,114961,86469,49244,21840,11972,12180,9294,413821,334870,264679,227598,266729,354577,366304,282249,194927,133621,98412,72128,60374,44320,30638,21532,20001
"185","Other_small_states",30758989,1687752,1559629,1412319,1338015,1497540,1723371,1613506,1292706,1036600,839557,664280,534815,407201,291649,195846,123152,112338,1867023,1719699,1562080,1432785,1397940,1411842,1316825,1129446,922971,764912,657986,575517,477076,374936,276654,203852,238732
"186","Pacific_island_small_states",2457367,153857,143597,128053,113555,104255,92157,82239,76168,66658,58057,52144,43685,31814,21433,13978,7952,5996,149000,139037,124050,109611,102041,93041,84689,78635,67404,58103,52574,44612,33521,23884,16951,10390,8058
"187","Pakistan",212215030,14168254,12797380,11871553,11227716,10479958,9440242,8077403,6672427,5533497,4641920,3972818,3254586,2399363,1713424,1335200,894492,729706,13911343,12621756,11646734,10991113,10452069,9536990,8188073,6783917,5634888,4745827,4089725,3364312,2493813,1780003,1362477,906911,699987
"188","Palau",17907,NA,NA,NA,NA,NA,NA,NA,NA,NA,NA,NA,NA,NA,NA,NA,NA,NA,NA,NA,NA,NA,NA,NA,NA,NA,NA,NA,NA,NA,NA,NA,NA,NA,NA
"189","Panama",4176873,198902,193443,185009,179060,171769,162089,155540,147949,140382,127946,110121,91122,71534,54035,39906,28201,35378,190982,185882,178237,173869,168370,160041,153966,146829,140610,129032,112318,94546,76017,58997,44778,32922,44992
"190","Papua_New_Guinea",8606316,560501,531138,501002,461363,407601,349932,316299,286887,245962,203089,163737,129355,97557,65939,38113,20703,13254,545336,518096,489483,452287,402194,347383,315052,286354,246657,205951,169955,138846,109618,77277,45374,25186,17380
"191","Paraguay",6956071,354352,349738,342771,342932,345349,323265,293475,245494,191100,157980,143915,125535,107193,83906,56595,37416,36033,349920,346349,339331,338957,341666,320565,290725,241777,187824,157646,145594,126836,108464,86436,61295,43849,49814
"192","Peru",31989256,1409597,1389528,1358978,1262211,1321854,1370973,1293848,1197570,1071344,946311,813304,682555,561208,440251,310481,224382,232192,1328946,1360712,1347499,1298378,1369612,1323459,1229230,1143575,1050185,948447,836063,704377,584444,466544,339350,253880,301884
"193","Philippines",106651922,5674220,5759033,5508136,5355238,5098476,4594974,3960423,3525221,3168389,2787960,2419449,1958203,1497060,1029640,627588,353658,283819,5416789,5558982,5272490,5061870,4925455,4528845,3931702,3518279,3154948,2809486,2482426,2073984,1664611,1237298,848959,552944,562419
"194","Poland",37978548,947791,1017278,966328,907290,1106307,1357111,1566525,1630441,1431654,1219442,1110827,1233829,1294873,1037930,664667,381236,534406,844827,908823,866171,823316,1002625,1198753,1360533,1448229,1318478,1144643,1067214,1241174,1388273,1220825,868749,596571,1108730
"195","Portugal",10281762,213716,236161,259400,272402,268714,265447,289492,340997,385936,381071,353783,340938,306639,282156,241192,184387,239614,179875,202296,222768,237219,244381,247390,273685,325845,371588,369770,350438,344584,316884,300549,270720,227073,376978
"196","Post-demographic_dividend",1109997273,29393265,31070838,31128191,31436196,34047450,36336072,37025173,36924762,37411353,38701890,38880354,37507347,33288455,29309110,23861522,16970424,21614627,26948931,28458995,28503386,28805202,31211474,33570161,34863189,35290722,36003605,37369327,37880471,37295234,34302594,31418974,26809460,20944150,35231155
"197","Pre-demographic_dividend",919485393,76645174,68041948,59141432,50143866,41889433,35076477,29412462,24329450,19723965,15592218,12170036,9416713,7071111,5060754,3268810,1848375,1145375,74455785,66339810,57870320,49329240,41509902,34964435,29568986,24658837,20113541,16151046,12875269,10193730,7934734,5907499,4007487,2412023,1684955
"198","Puerto_Rico",3195153,60084,100273,116899,108633,98595,95835,96229,100719,104601,103665,101705,96921,86957,74222,68386,47571,57995,50983,86828,98483,85761,79917,85026,88857,97383,103982,108852,110732,106809,99669,90040,80027,57922,88021
"199","Qatar",2781677,68387,68232,55180,74626,216098,379178,367151,263151,204593,161803,111035,68245,36184,17161,6040,1399,1835,203035,196649,169613,136144,151590,229862,282084,244084,167634,123318,85275,49032,26003,15301,9629,5120,5924
"200","Romania",19473936,477183,533359,544010,515560,539707,650701,701971,668187,793076,786487,672136,533466,628686,522599,344367,239458,324336,427792,477814,488082,460681,473879,562651,612443,604192,726276,726339,641689,548133,696961,631097,456718,372600,567941
"201","Russian_Federation",144478050,4838812,4536069,3900208,3379540,3653219,5325387,6339655,5589470,4969531,4352189,4230507,4778342,4091324,2944908,1591290,1067611,1360521,3952003,3720119,3213771,2791423,3021150,4467742,5441384,4962869,4579769,4115898,4262421,5156700,4968064,4021038,2527147,2223232,3523851
"202","Rwanda",12301939,906753,819646,737957,640879,553379,499040,459183,353069,262184,197417,184895,172890,109029,71450,38801,21325,17147,863912,789231,717206,625424,548549,495258,467451,385452,274829,208263,175742,168262,119936,88665,57002,33184,26676
"203","Samoa",196130,14451,13094,11439,9653,8712,7248,5941,5500,5256,5180,4529,3574,2747,1759,1118,739,544,14379,12982,11425,9532,8250,6826,5738,5549,5219,4877,4449,3744,2879,2044,1501,1125,966
"204","San_Marino",33785,NA,NA,NA,NA,NA,NA,NA,NA,NA,NA,NA,NA,NA,NA,NA,NA,NA,NA,NA,NA,NA,NA,NA,NA,NA,NA,NA,NA,NA,NA,NA,NA,NA,NA
"205","Sao_Tome_and_Principe",211028,15892,15321,14131,11631,8836,7592,7063,6242,4912,3720,3354,2396,1838,1125,734,435,371,15549,15023,13877,11412,8644,7444,6925,6149,4971,3796,3537,2691,2059,1320,843,631,719
"206","Saudi_Arabia",33699947,1528010,1474127,1286210,1158427,1317997,1665212,1945412,2180486,2156001,1654923,1159382,795905,479063,277905,143771,96520,76368,2004962,1934595,1686404,1494700,1604613,1827390,1840507,1808074,1648853,1170068,763096,530948,373549,285874,175832,127173,119081
"207","Senegal",15854360,1296445,1167421,992968,838092,718423,602853,499795,401116,305857,241035,190342,148250,115839,86250,57654,37774,24553,1197430,1081155,922816,785454,688348,602090,526212,445910,358346,288958,230064,183162,145654,109882,75398,49244,34546
"208","Serbia",6982084,173214,188033,205142,212268,222393,243538,248638,241579,246740,234517,220407,212393,220452,214350,143125,86744,107514,155292,168736,184253,190926,200320,219671,227831,228926,238347,230190,220097,218474,237463,242829,172623,117589,167478
"209","Seychelles",96762,4117,4028,3586,3222,3474,3842,3993,4097,4003,3795,3359,2890,2138,1229,779,628,503,4107,4027,3622,3264,3415,3545,3436,3557,3711,3698,3494,3102,2263,1337,931,959,1215
"210","Sierra_Leone",7650154,568602,526086,478186,417175,361320,313647,267262,221313,177103,140131,108223,81029,58370,41799,28703,16309,10539,563061,522811,474787,413462,356975,305501,256762,211600,171219,139693,112538,89296,69122,52560,37382,22691,16341
"211","Singapore",5638676,119476,115697,119952,160222,224914,226525,224182,233950,246532,251117,248661,253081,223424,151583,66301,39265,46509,122730,120092,127527,154515,199843,211309,225532,242913,247323,244024,235046,234552,209580,153841,86188,54400,81974
"212","Sint_Maarten_(Dutch_part)",40654,NA,NA,NA,NA,NA,NA,NA,NA,NA,NA,NA,NA,NA,NA,NA,NA,NA,NA,NA,NA,NA,NA,NA,NA,NA,NA,NA,NA,NA,NA,NA,NA,NA,NA
"213","Slovak_Republic",5447011,143989,146534,140095,136734,163051,197644,215722,231495,227499,190341,172958,179158,170492,137950,88085,54154,54704,130275,132605,126448,123134,147004,179472,195836,207790,205426,177345,168518,182183,185087,163280,120428,89656,116121
"214","Slovenia",2067372,53265,55892,50665,46909,51084,60503,73241,80967,81296,76497,76843,75159,73901,62112,41739,32599,35946,49911,52146,47203,43408,47540,56496,66585,72539,71866,69946,74271,73224,72798,64140,49087,44052,73401
"215","Small_states",40575321,2134430,1993580,1831643,1756801,1915104,2112571,1972092,1620068,1326422,1116672,923324,763876,580900,420095,287832,182507,177535,2276658,2122655,1956850,1829795,1797194,1787445,1672439,1468582,1226811,1057340,931370,821283,668309,515669,382199,277033,323823
"216","Solomon_Islands",652858,51910,44862,38746,34824,30057,24315,20203,18810,17557,14282,10471,8310,6151,4404,3258,2105,1682,50489,43507,37584,33470,28613,24214,21884,20946,18813,14628,10673,8455,6214,4669,3663,2264,1863
"217","Somalia",15008154,1347200,1159560,1011713,866068,706654,524845,394070,309588,265689,227317,185678,153418,124991,93017,60288,32616,21354,1318842,1138256,996241,855482,702294,527541,400063,319867,279847,243945,197634,156552,124735,94145,63019,37449,28152
"218","South_Africa",57779622,2934292,2913842,2646697,2432280,2519739,2686508,2646217,2227698,1780859,1501861,1228066,986216,765731,540573,340053,205950,132152,2782433,2769420,2527895,2334307,2414704,2566615,2526999,2147951,1763904,1533961,1298497,1101261,917648,699779,487871,338272,277216
"219","South_Asia",1814388744,87761884,89551559,91835712,90349484,86338206,80992243,74926696,66677599,57519432,50172520,43594478,36680064,29260147,21306244,13689288,8759720,7499384,86021326,87799542,89299150,87204893,83852327,79659360,74722115,67191449,58604309,51295137,44610720,37780241,30451768,22853173,15646349,10435483,9487316
"220","South_Asia_(IDA_&_IBRD)",1814388744,87761884,89551559,91835712,90349484,86338206,80992243,74926696,66677599,57519432,50172520,43594478,36680064,29260147,21306244,13689288,8759720,7499384,86021326,87799542,89299150,87204893,83852327,79659360,74722115,67191449,58604309,51295137,44610720,37780241,30451768,22853173,15646349,10435483,9487316
"221","South_Sudan",10975920,862304,777058,683905,596912,521181,436326,354158,285376,238634,195112,157270,122196,90247,67278,52325,31145,21331,841647,759399,669794,587408,516660,435976,355717,287160,241138,199776,164627,131561,100605,76568,59398,37055,28267
"222","Spain",46723749,1042939,1245210,1244611,1130542,1164475,1226047,1415219,1809173,2067687,1950361,1783052,1611399,1327898,1118324,990632,742213,1073148,949165,1126624,1127249,1035263,1073080,1149147,1368900,1738570,1922469,1811292,1720775,1610249,1360234,1184102,1108908,900177,1756727
"223","Sri_Lanka",21670000,876998,887935,881304,828169,754994,690636,670677,736754,730306,664477,642857,584031,495414,400019,286257,143226,134738,784070,804585,811922,766082,713903,704867,719458,762038,719021,643888,632418,603266,536687,451360,353927,201585,199713
"224","St._Kitts_and_Nevis",52441,NA,NA,NA,NA,NA,NA,NA,NA,NA,NA,NA,NA,NA,NA,NA,NA,NA,NA,NA,NA,NA,NA,NA,NA,NA,NA,NA,NA,NA,NA,NA,NA,NA,NA
"225","St._Lucia",181889,5600,5507,5950,7166,8365,8001,6846,6701,6186,6088,5930,4943,3667,2826,2136,1580,2088,5298,5200,5660,6932,8102,7819,7020,6856,6358,6406,6026,5155,3812,2841,2340,1677,2080
"226","St._Martin_(French_part)",37264,NA,NA,NA,NA,NA,NA,NA,NA,NA,NA,NA,NA,NA,NA,NA,NA,NA,NA,NA,NA,NA,NA,NA,NA,NA,NA,NA,NA,NA,NA,NA,NA,NA,NA
"227","St._Vincent_and_the_Grenadines",110210,4024,4110,4418,4833,4585,4115,3980,3823,3770,3592,3607,3392,2527,1793,1253,919,1236,4084,4243,4358,4678,4576,4111,4099,4071,3718,3424,3487,3191,2399,1832,1261,941,1505
"228","Sub-Saharan_Africa",1078306520,86977262,77479717,67691225,58084072,49339236,41801707,35342137,29254719,23669323,18886990,14825530,11612166,8747465,6257705,4108899,2343003,1511810,84194354,75284484,66043950,56973359,48725881,41618354,35579637,29716777,24101713,19483397,15699545,12671497,9926100,7387942,5126131,3122249,2277597
"229","Sub-Saharan_Africa_(excluding_high_income)",1078209758,86973145,77475688,67687639,58080850,49335762,41797865,35338144,29250622,23665320,18883195,14822171,11609276,8745328,6256477,4108120,2342375,1511307,84190040,75280291,66040188,56969981,48722405,41614792,35576209,29713266,24098086,19479806,15696167,12668504,9923913,7386642,5125226,3121328,2276439
"230","Sub-Saharan_Africa_(IDA_&_IBRD_countries)",1078306520,86977262,77479717,67691225,58084072,49339236,41801707,35342137,29254719,23669323,18886990,14825530,11612166,8747465,6257705,4108899,2343003,1511810,84194354,75284484,66043950,56973359,48725881,41618354,35579637,29716777,24101713,19483397,15699545,12671497,9926100,7387942,5126131,3122249,2277597
"231","Sudan",41801533,3125002,2855132,2604690,2317024,1980890,1617860,1310105,1107835,927019,788791,651808,507258,391504,290823,196157,117506,91542,3027361,2771789,2533506,2259325,1935844,1596748,1336191,1171082,986071,822286,678416,538984,423910,320949,222439,139326,116719
"232","Suriname",575991,27366,27097,26642,26089,25043,23569,21485,18965,18137,18231,16657,14352,9241,6481,4548,2801,2919,25695,25508,25047,24484,23920,22752,20951,19316,18422,18477,16739,14957,10062,8033,6126,4372,4761
"233","Sweden",10183175,309952,312728,296676,269657,316519,380001,341595,316970,322162,348243,343975,308914,281006,280365,272659,187585,208102,294445,296484,281986,255638,299435,365556,328363,303517,312571,339200,333840,303578,282453,288530,285851,206457,319204
"234","Switzerland",8516543,227642,215917,207688,219437,251432,283235,303223,299634,284393,317143,343444,307590,248719,213566,192674,138114,168044,212579,201098,194496,206630,238239,271182,293797,291902,276148,306845,330795,296025,243303,221774,207867,162456,266759
"235","Syrian_Arab_Republic",16906283,915656,918789,875448,815902,808586,774756,756712,631618,477601,373276,317631,264334,203707,144563,88033,59403,58535,883503,890824,847402,785363,774245,741585,746969,654415,505958,395173,338089,284049,223127,160450,99900,76737,76761
"236","Tajikistan",9100837,682840,577713,459592,417191,428770,413541,364820,274222,220366,194100,176128,148744,101678,55761,31817,20373,20639,657191,555880,441785,403784,418790,414112,371844,276971,228667,207183,189921,161446,111834,64044,35102,22342,27395
"237","Tanzania",56318348,4712321,4201342,3643337,2997643,2498910,2175477,1829700,1523495,1243198,977602,748296,558361,404611,281374,182804,96912,55061,4595211,4095201,3562945,2953050,2477385,2168513,1834906,1526163,1244262,985833,773770,604165,461904,347703,251386,147896,100151
"238","Thailand",69428524,1898694,2037800,2165579,2337243,2480114,2347954,2256588,2469020,2663061,2727865,2623953,2327435,1887875,1340761,922761,644441,702274,1704880,1826704,1944425,2116343,2285155,2212533,2150712,2409469,2698388,2828229,2737223,2452860,2044342,1510460,1095301,805640,1010757
"239","Timor-Leste",1267972,86191,78015,79433,74782,63967,54229,41548,29847,24308,27546,23361,18919,13264,9765,8187,4557,2935,84806,76929,78829,74347,63499,54169,41516,29889,24538,27022,22930,18868,13577,10467,9355,5787,4324
"240","Togo",7889094,596156,548068,491109,419378,350293,304393,272887,233931,190163,148427,113551,86484,64910,46844,30707,16838,9262,586397,539228,482624,411930,344701,300610,270763,234103,192985,153001,119652,93763,72225,53469,35854,20171,11925
"241","Tonga",103197,6305,6426,6263,5730,4667,3415,2891,2763,2485,2435,2328,1756,1321,1038,735,528,527,6015,5867,5681,5326,4416,3581,3330,3197,2722,2602,2281,1786,1487,1159,850,636,676
"242","Trinidad_and_Tobago",1389858,46788,49510,47745,44144,44974,53211,62302,59220,47731,42814,42963,43857,34701,26668,18631,11639,9815,44216,46906,45374,42076,43117,51156,60457,58139,46944,42919,44004,45143,35743,28658,21502,14985,15369
"243","Tunisia",11565204,531763,488748,421262,411340,441343,454594,466923,464333,380656,345708,338692,306380,248189,173279,100666,76093,82075,495405,450223,384413,373530,408714,455032,485181,476287,401916,364525,355725,305441,255182,190340,121077,93975,115078
"244","Turkey",82319724,3453361,3473410,3448404,3474660,3363654,3208973,3214181,3121577,2856667,2521185,2186633,1843974,1465182,1109008,794653,555500,510868,3206123,3232866,3212022,3242968,3167005,3059032,3105857,3060150,2859050,2571467,2259984,2001208,1718325,1355557,982952,716013,851309
"245","Turkmenistan",5850908,353346,307855,252843,237399,249805,279614,245105,202308,175576,149874,131968,108078,80495,48065,24567,15827,18216,332556,290625,239505,225201,237535,268519,240187,201447,176643,151908,140649,128923,99488,62772,30852,22002,32132
"246","Turks_and_Caicos_Islands",37665,NA,NA,NA,NA,NA,NA,NA,NA,NA,NA,NA,NA,NA,NA,NA,NA,NA,NA,NA,NA,NA,NA,NA,NA,NA,NA,NA,NA,NA,NA,NA,NA,NA,NA
"247","Tuvalu",11508,NA,NA,NA,NA,NA,NA,NA,NA,NA,NA,NA,NA,NA,NA,NA,NA,NA,NA,NA,NA,NA,NA,NA,NA,NA,NA,NA,NA,NA,NA,NA,NA,NA,NA
"248","Uganda",42723139,3807727,3384832,2922202,2423121,1947820,1570117,1247505,984711,774560,610200,466674,330731,230363,155583,95219,50148,28491,3615532,3224468,2791654,2366659,1985828,1638411,1316488,1039303,808545,625062,486302,367516,279686,207093,138102,81304,58049
"249","Ukraine",44622516,1168417,1310313,1154755,1019777,1210448,1611266,1904459,1789944,1596859,1428075,1371621,1413755,1230257,945087,581834,438944,489881,949867,1065166,937256,830017,992969,1327856,1582695,1543664,1456808,1345478,1386390,1535243,1504668,1302837,899069,847450,1158258
"250","United_Arab_Emirates",9630959,255371,252000,204959,224759,518579,1014905,1217007,978680,747876,535323,329788,229702,102424,28659,22336,11459,6526,560979,552553,465232,413408,533030,827348,1013155,828018,536519,372553,263638,160178,73226,38204,22022,9342,10947
"251","United_Kingdom",66488991,2016837,2077778,1918620,1874225,2096162,2269192,2298004,2189275,2093807,2169174,2287993,2128549,1800067,1678021,1521729,1044497,1358179,1873154,1934243,1789265,1753866,1970701,2162251,2246759,2157248,2057025,2164925,2300660,2136556,1812887,1726358,1613811,1179850,1942549
"252","United_States",327167434,9975919,10525027,10784368,10846061,11557452,12001750,11323718,10500319,9995804,10118773,10643617,10772713,9744065,8075926,6033554,3964626,5018705,9343455,9855716,10109400,10207747,10884027,11296453,10815916,10242368,9875110,9929502,10351692,10777608,10158034,8780294,6917290,4810269,7527517
"253","Upper_middle_income",2655635719,97483835,96788659,93168764,92098751,95675052,108694764,112394751,94339818,94621134,100027622,91521606,74455573,62892397,50666202,30222837,19472247,18852148,90698979,89231762,85834283,85730872,90139222,104351237,110114048,93708733,94618583,101022795,93917391,77607516,67779469,56684777,35938530,25251974,30745987
"254","Uruguay",3449299,122150,119505,121554,127640,131389,128697,116301,112792,115785,103873,94471,91931,80095,65292,51448,37156,45185,109271,106741,108457,114608,118552,116819,107376,106213,109942,100496,95115,94995,85512,73355,63841,52790,101184
"255","Uzbekistan",32955400,1777370,1653161,1422312,1334222,1540068,1644986,1456800,1189023,995588,849370,753232,681342,502715,289403,131873,107735,103232,1670641,1559607,1345327,1270860,1464697,1581080,1446525,1202802,1020951,896336,826548,762608,564881,339311,169254,139188,171815
"256","Vanuatu",292680,20820,20150,17928,14421,12514,11475,10191,8500,7562,6387,5527,4186,3203,2254,1471,997,833,20067,19293,17024,13726,13198,13361,11231,8820,7673,6276,5379,4134,2995,2151,1418,880,795
"257","Venezuela__RB",28870195,1296449,1411390,1369919,1264294,1136668,1114808,1072246,987275,907412,827073,761581,653729,519026,371772,253200,156804,148630,1216203,1317697,1277766,1192119,1099086,1103325,1081998,1008551,930761,849234,789357,689501,558139,412095,294981,196595,234866
"258","Vietnam",95540395,4133919,3942168,3577797,3341971,3878001,4476661,4176944,3774024,3441449,3167832,2815180,2411882,1829696,1106991,575418,418343,609810,3682301,3510970,3251831,3127026,3678673,4297570,4049969,3707915,3411716,3152353,2867523,2601323,2115349,1410624,867838,688909,1256198
"259","Virgin_Islands_(U.S.)",106977,3370,3681,3674,3597,3500,2863,2140,2428,2750,3172,3496,3654,3453,3069,2852,1840,1340,2808,3299,3293,3001,3001,2761,2463,2735,2921,3275,3600,3682,3578,3398,3048,2016,2002
"260","West_Bank_and_Gaza",4569087,331596,309049,268655,244241,237000,207322,160756,131157,109324,88906,72833,53487,35522,27473,20832,11379,8017,325957,304244,265552,242808,235432,205703,159874,130522,109356,90122,74882,56153,39272,30182,21609,14323,11557
"261","World",7594270356,347520974,338824907,324911643,312111542,305941994,308158251,298490458,263692411,245494417,236220417,213102107,180668842,150167340,118242351,78481945,51689502,53521469,331803735,322595877,308432926,296539080,292126589,297215305,292163921,260882466,244678999,237636007,217337147,187364711,160548467,131667993,92987503,66533101,86726743
"262","Yemen__Rep.",28498687,2083815,1932394,1740692,1572820,1475333,1351665,1073549,825256,624756,450570,338879,288535,228395,163856,109608,59162,40729,2031311,1885749,1702386,1544994,1456986,1342221,1077217,822949,601810,462946,399520,330644,247955,187269,130743,75559,59757
"263","Zambia",17351822,1450062,1318058,1164802,990364,802874,657140,547116,457028,365257,266176,191364,140858,96625,64986,41792,22539,13288,1391151,1268903,1128780,972440,803602,670965,562505,464468,367174,269448,199949,156093,117461,86836,61327,39050,30174
"264","Zimbabwe",14439018,1103438,1063072,904452,774009,639226,506567,434871,386112,314137,218974,165589,124514,93193,64520,41264,28426,16852,994574,960487,821497,714299,626877,562993,509863,425074,330382,231305,180253,149345,123477,92992,64369,50184,41246
